// generated by tools/gen_pacman.py -- do not edit
#include "pac_gen.h"

const char PAC_MAZE[PAC_MAZES][PM_H][PM_W + 1] = {
    {
        "######################################",
        "#...........#.....##.....#...........#",
        "#.###.#####.#.###.##.###.#.#####.###.#",
        "#o###.#####.#.###.##.###.#.#####.###o#",
        "#....................................#",
        "#.###.##.######.######.######.##.###.#",
        "#.###.##.######.######.######.##.###.#",
        "#.....##......................##.....#",
        "#####.#####.###.######.###.#####.#####",
        "#####.#####.##          ##.#####.#####",
        "#####.#####.## ###--### ##.#####.#####",
        "#####.#####.## #hhhhhh# ##.#####.#####",
        "ttttt.......   #hhhhhh#   .......ttttt",
        "#####.#####.## #hhhhhh# ##.#####.#####",
        "#####.#####.## ######## ##.#####.#####",
        "#####.#####.##          ##.#####.#####",
        "#####.#####.###.######.###.#####.#####",
        "#....................................#",
        "#.###.##.######.######.######.##.###.#",
        "#.###.##.######.######.######.##.###.#",
        "#o..................................o#",
        "###.###.####.###.####.###.####.###.###",
        "###.###.####.###.####.###.####.###.###",
        "#....................................#",
        "#.######.###.####.##.####.###.######.#",
        "#....................................#",
        "######################################",
    },
    {
        "######################################",
        "#......#..........##..........#......#",
        "#.####.#.########.##.########.#.####.#",
        "#o####...########.##.########...####o#",
        "ttt....#......................#....ttt",
        "#.###.##.######.######.######.##.###.#",
        "#.###.##.######.######.######.##.###.#",
        "#.....##......................##.....#",
        "#.###.#####.###.######.###.#####.###.#",
        "#.###.#####.##          ##.#####.###.#",
        "#.....#####.## ###--### ##.#####.....#",
        "#.###.#####.## #hhhhhh# ##.#####.###.#",
        "#.###.......   #hhhhhh#   .......###.#",
        "#.###.#####.## #hhhhhh# ##.#####.###.#",
        "#.....#####.## ######## ##.#####.....#",
        "#.###.#####.##          ##.#####.###.#",
        "#.###.#####.###.######.###.#####.###.#",
        "#....................................#",
        "#.####.#.#####.#.####.#.#####.#.####.#",
        "#.####.#.#####.#.####.#.#####.#.####.#",
        "ttt.......#................#.......ttt",
        "#o###.###.#.####.####.####.#.###.###o#",
        "#.###.###.#.####.####.####.#.###.###.#",
        "#....................................#",
        "#.######.###.####.##.####.###.######.#",
        "#....................................#",
        "######################################",
    },
    {
        "######################################",
        "#....#......#.....##.....#......#....#",
        "#.##.#.####.#.###.##.###.#.####.#.##.#",
        "#o##.#.####.#.###.##.###.#.####.#.##o#",
        "#.##.#.####.#.###.##.###.#.####.#.##.#",
        "#....................................#",
        "###.####.##.###.######.###.##.####.###",
        "###.####.##.###.######.###.##.####.###",
        "#...........###.######.###...........#",
        "#.###.###.#.##          ##.#.###.###.#",
        "#.###.###.#.## ###--### ##.#.###.###.#",
        "#.###.###.#.## #hhhhhh# ##.#.###.###.#",
        "ttt.........   #hhhhhh#   .........ttt",
        "#.###.###.#.## #hhhhhh# ##.#.###.###.#",
        "#.###.###.#.## ######## ##.#.###.###.#",
        "#.###.###.#.##          ##.#.###.###.#",
        "#.###.###.#.###.######.###.#.###.###.#",
        "#....................................#",
        "#.##.####.#.####.####.####.#.####.##.#",
        "#.##.####.#.####.####.####.#.####.##.#",
        "#o..................................o#",
        "###.#.##.####.##.####.##.####.##.#.###",
        "###.#.##.####.##.####.##.####.##.#.###",
        "#...#............................#...#",
        "#.#####.####.####.##.####.####.#####.#",
        "#....................................#",
        "######################################",
    },
};

// 186 wall tiles, 8x8, two pixels a byte, high nibble first
const uint8_t PAC_TILES[186][32] = {
    { 0x00, 0x00, 0x00, 0x00, 0x00, 0x00, 0x00, 0x00, 0x00, 0x00, 0x00, 0x00, 0x00, 0x00, 0x00, 0x00, 0x00, 0x00, 0x00, 0x00, 0x00, 0x00, 0x00, 0x00, 0x00, 0x00, 0x00, 0x00, 0x00, 0x00, 0x00, 0x00 },
    { 0x00, 0x00, 0x00, 0x00, 0x00, 0x00, 0x00, 0x11, 0x00, 0x00, 0x01, 0x11, 0x00, 0x01, 0x12, 0x23, 0x00, 0x01, 0x23, 0x44, 0x00, 0x12, 0x34, 0x56, 0x01, 0x12, 0x45, 0x6e, 0x01, 0x13, 0x46, 0xed },
    { 0x00, 0x00, 0x00, 0x00, 0x11, 0x11, 0x11, 0x11, 0x22, 0x22, 0x22, 0x22, 0x33, 0x33, 0x33, 0x33, 0x55, 0x54, 0x44, 0x44, 0x79, 0xaa, 0xaa, 0xaa, 0xfc, 0x86, 0x54, 0x44, 0x76, 0x54, 0x43, 0x33 },
    { 0x00, 0x00, 0x00, 0x00, 0x11, 0x11, 0x11, 0x11, 0x22, 0x22, 0x22, 0x22, 0x33, 0x33, 0x33, 0x33, 0x44, 0x44, 0x44, 0x44, 0xaa, 0xaa, 0xaa, 0xaa, 0x44, 0x44, 0x44, 0x44, 0x33, 0x33, 0x33, 0x33 },
    { 0x00, 0x00, 0x00, 0x00, 0x11, 0x11, 0x11, 0x11, 0x22, 0x22, 0x22, 0x22, 0x33, 0x33, 0x33, 0x33, 0x44, 0x44, 0x45, 0x55, 0xaa, 0xaa, 0xaa, 0x97, 0x44, 0x45, 0x68, 0xcf, 0x33, 0x34, 0x45, 0x67 },
    { 0x00, 0x00, 0x00, 0x00, 0x11, 0x00, 0x00, 0x11, 0x11, 0x11, 0x11, 0x11, 0x32, 0x21, 0x12, 0x23, 0x44, 0x32, 0x23, 0x44, 0x65, 0x44, 0x44, 0x56, 0xe7, 0x65, 0x56, 0x7e, 0xde, 0x76, 0x67, 0xed },
    { 0x00, 0x00, 0x00, 0x00, 0x11, 0x00, 0x00, 0x00, 0x11, 0x10, 0x00, 0x00, 0x32, 0x21, 0x10, 0x00, 0x44, 0x32, 0x10, 0x00, 0x65, 0x43, 0x21, 0x00, 0xe6, 0x54, 0x21, 0x10, 0xde, 0x64, 0x31, 0x10 },
    { 0x01, 0x23, 0x57, 0xf7, 0x01, 0x23, 0x59, 0xc6, 0x01, 0x23, 0x5a, 0x85, 0x01, 0x23, 0x4a, 0x64, 0x01, 0x23, 0x4a, 0x54, 0x01, 0x23, 0x4a, 0x43, 0x01, 0x23, 0x4a, 0x43, 0x01, 0x23, 0x4a, 0x43 },
    { 0x65, 0x43, 0x32, 0x22, 0x54, 0x32, 0x21, 0x11, 0x43, 0x21, 0x11, 0x10, 0x32, 0x11, 0x00, 0x00, 0x32, 0x10, 0x00, 0x00, 0x21, 0x10, 0x00, 0x00, 0x21, 0x10, 0x00, 0x00, 0x21, 0x00, 0x00, 0x01 },
    { 0x22, 0x22, 0x22, 0x22, 0x11, 0x11, 0x11, 0x11, 0x00, 0x00, 0x00, 0x00, 0x00, 0x00, 0x00, 0x00, 0x00, 0x00, 0x00, 0x00, 0x00, 0x01, 0x11, 0x10, 0x11, 0x11, 0x11, 0x11, 0x12, 0x22, 0x22, 0x22 },
    { 0x22, 0x22, 0x22, 0x22, 0x11, 0x11, 0x11, 0x11, 0x00, 0x00, 0x00, 0x00, 0x00, 0x00, 0x00, 0x00, 0x00, 0x00, 0x00, 0x00, 0x00, 0x00, 0x00, 0x00, 0x11, 0x11, 0x11, 0x11, 0x22, 0x22, 0x22, 0x22 },
    { 0x22, 0x22, 0x22, 0x22, 0x11, 0x11, 0x11, 0x11, 0x00, 0x00, 0x00, 0x00, 0x00, 0x00, 0x00, 0x00, 0x00, 0x00, 0x00, 0x00, 0x01, 0x11, 0x10, 0x00, 0x11, 0x11, 0x11, 0x11, 0x22, 0x22, 0x22, 0x21 },
    { 0x22, 0x22, 0x22, 0x22, 0x11, 0x11, 0x11, 0x11, 0x00, 0x00, 0x00, 0x00, 0x00, 0x00, 0x00, 0x00, 0x00, 0x00, 0x00, 0x00, 0x00, 0x00, 0x00, 0x00, 0x00, 0x00, 0x00, 0x00, 0x10, 0x00, 0x00, 0x01 },
    { 0x22, 0x23, 0x34, 0x57, 0x11, 0x12, 0x23, 0x45, 0x01, 0x11, 0x12, 0x34, 0x00, 0x00, 0x11, 0x23, 0x00, 0x00, 0x01, 0x23, 0x00, 0x00, 0x01, 0x12, 0x00, 0x00, 0x01, 0x12, 0x10, 0x00, 0x00, 0x12 },
    { 0x7f, 0x87, 0x78, 0xf7, 0x7d, 0xb7, 0x7b, 0xd7, 0x68, 0xc7, 0x7c, 0x86, 0x56, 0xc7, 0x7c, 0x65, 0x45, 0xb7, 0x7b, 0x54, 0x45, 0xb6, 0x6b, 0x54, 0x35, 0xb6, 0x6b, 0x53, 0x35, 0xb6, 0x6b, 0x53 },
    { 0x75, 0x43, 0x32, 0x22, 0x54, 0x32, 0x21, 0x11, 0x43, 0x21, 0x11, 0x10, 0x32, 0x11, 0x00, 0x00, 0x32, 0x10, 0x00, 0x00, 0x21, 0x10, 0x00, 0x00, 0x21, 0x10, 0x00, 0x00, 0x21, 0x00, 0x00, 0x01 },
    { 0x22, 0x23, 0x34, 0x56, 0x11, 0x12, 0x23, 0x45, 0x01, 0x11, 0x12, 0x34, 0x00, 0x00, 0x11, 0x23, 0x00, 0x00, 0x01, 0x23, 0x00, 0x00, 0x01, 0x12, 0x00, 0x00, 0x01, 0x12, 0x10, 0x00, 0x00, 0x12 },
    { 0x7f, 0x75, 0x32, 0x10, 0x6c, 0x95, 0x32, 0x10, 0x58, 0xa5, 0x32, 0x11, 0x46, 0xa4, 0x32, 0x11, 0x45, 0xa4, 0x32, 0x11, 0x34, 0xa4, 0x32, 0x11, 0x34, 0xa4, 0x32, 0x11, 0x34, 0xa4, 0x32, 0x11 },
    { 0x01, 0x23, 0x57, 0xf7, 0x01, 0x23, 0x59, 0xc6, 0x11, 0x23, 0x5a, 0x85, 0x11, 0x23, 0x4a, 0x64, 0x11, 0x23, 0x4a, 0x54, 0x11, 0x23, 0x4a, 0x43, 0x11, 0x23, 0x4a, 0x43, 0x11, 0x23, 0x4a, 0x43 },
    { 0x7f, 0x75, 0x32, 0x10, 0x6c, 0x95, 0x32, 0x10, 0x58, 0xa5, 0x32, 0x10, 0x46, 0xa4, 0x32, 0x10, 0x45, 0xa4, 0x32, 0x10, 0x34, 0xa4, 0x32, 0x10, 0x34, 0xa4, 0x32, 0x10, 0x34, 0xa4, 0x32, 0x10 },
    { 0x01, 0x23, 0x4a, 0x43, 0x01, 0x23, 0x4a, 0x43, 0x01, 0x23, 0x4a, 0x43, 0x01, 0x23, 0x4a, 0x43, 0x01, 0x23, 0x4a, 0x43, 0x01, 0x23, 0x4a, 0x43, 0x01, 0x23, 0x4a, 0x43, 0x01, 0x23, 0x4a, 0x43 },
    { 0x21, 0x00, 0x00, 0x11, 0x21, 0x00, 0x00, 0x12, 0x21, 0x00, 0x00, 0x12, 0x21, 0x00, 0x01, 0x12, 0x21, 0x00, 0x01, 0x12, 0x21, 0x00, 0x01, 0x12, 0x21, 0x00, 0x01, 0x12, 0x21, 0x00, 0x00, 0x12 },
    { 0x23, 0x34, 0x44, 0x33, 0x34, 0x55, 0x55, 0x44, 0x35, 0xfe, 0xbb, 0xaa, 0x45, 0xe6, 0x65, 0x54, 0x45, 0xb6, 0x55, 0x43, 0x45, 0xb5, 0x54, 0x32, 0x34, 0xa5, 0x43, 0x21, 0x34, 0xa4, 0x32, 0x21 },
    { 0x33, 0x33, 0x33, 0x33, 0x44, 0x44, 0x44, 0x44, 0xaa, 0xaa, 0xaa, 0xaa, 0x44, 0x44, 0x44, 0x44, 0x33, 0x33, 0x33, 0x33, 0x22, 0x22, 0x22, 0x22, 0x11, 0x11, 0x11, 0x11, 0x11, 0x11, 0x11, 0x11 },
    { 0x33, 0x44, 0x43, 0x32, 0x44, 0x55, 0x55, 0x43, 0xaa, 0xbb, 0xef, 0x53, 0x45, 0x56, 0x6e, 0x54, 0x34, 0x55, 0x6b, 0x54, 0x23, 0x45, 0x5b, 0x54, 0x12, 0x34, 0x5a, 0x43, 0x12, 0x23, 0x4a, 0x43 },
    { 0x11, 0x00, 0x00, 0x11, 0x21, 0x00, 0x00, 0x12, 0x21, 0x00, 0x00, 0x12, 0x21, 0x10, 0x01, 0x12, 0x21, 0x10, 0x01, 0x12, 0x21, 0x10, 0x01, 0x12, 0x21, 0x10, 0x01, 0x12, 0x21, 0x00, 0x00, 0x12 },
    { 0x11, 0x00, 0x00, 0x12, 0x21, 0x00, 0x00, 0x12, 0x21, 0x00, 0x00, 0x12, 0x21, 0x10, 0x00, 0x12, 0x21, 0x10, 0x00, 0x12, 0x21, 0x10, 0x00, 0x12, 0x21, 0x10, 0x00, 0x12, 0x21, 0x00, 0x00, 0x12 },
    { 0x35, 0xb6, 0x6b, 0x53, 0x35, 0xb6, 0x6b, 0x53, 0x35, 0xb6, 0x6b, 0x53, 0x35, 0xb6, 0x6b, 0x53, 0x35, 0xb6, 0x6b, 0x53, 0x35, 0xb6, 0x6b, 0x53, 0x35, 0xb6, 0x6b, 0x53, 0x35, 0xb6, 0x6b, 0x53 },
    { 0x34, 0xa4, 0x32, 0x11, 0x34, 0xa4, 0x32, 0x11, 0x34, 0xa4, 0x32, 0x11, 0x34, 0xa4, 0x32, 0x11, 0x34, 0xa4, 0x32, 0x11, 0x34, 0xa4, 0x32, 0x11, 0x34, 0xa4, 0x32, 0x11, 0x34, 0xa4, 0x32, 0x11 },
    { 0x11, 0x23, 0x4a, 0x43, 0x11, 0x23, 0x4a, 0x43, 0x11, 0x23, 0x4a, 0x43, 0x11, 0x23, 0x4a, 0x43, 0x11, 0x23, 0x4a, 0x43, 0x11, 0x23, 0x4a, 0x43, 0x11, 0x23, 0x4a, 0x43, 0x11, 0x23, 0x4a, 0x43 },
    { 0x34, 0xa4, 0x32, 0x10, 0x34, 0xa4, 0x32, 0x10, 0x34, 0xa4, 0x32, 0x10, 0x34, 0xa4, 0x32, 0x10, 0x34, 0xa4, 0x32, 0x10, 0x34, 0xa4, 0x32, 0x10, 0x34, 0xa4, 0x32, 0x10, 0x34, 0xa4, 0x32, 0x10 },
    { 0x21, 0x00, 0x00, 0x12, 0x21, 0x00, 0x01, 0x12, 0x21, 0x00, 0x01, 0x12, 0x21, 0x00, 0x01, 0x12, 0x21, 0x00, 0x01, 0x12, 0x21, 0x00, 0x00, 0x12, 0x21, 0x00, 0x00, 0x12, 0x21, 0x00, 0x00, 0x11 },
    { 0x34, 0xa4, 0x32, 0x21, 0x34, 0xa5, 0x43, 0x21, 0x45, 0xb5, 0x54, 0x32, 0x45, 0xb6, 0x55, 0x43, 0x45, 0xe6, 0x65, 0x54, 0x35, 0xfe, 0xbb, 0xaa, 0x34, 0x55, 0x55, 0x44, 0x23, 0x34, 0x44, 0x33 },
    { 0x11, 0x11, 0x11, 0x11, 0x11, 0x11, 0x11, 0x11, 0x22, 0x22, 0x22, 0x22, 0x33, 0x33, 0x33, 0x33, 0x44, 0x44, 0x44, 0x44, 0xaa, 0xaa, 0xaa, 0xaa, 0x44, 0x44, 0x44, 0x44, 0x33, 0x33, 0x33, 0x33 },
    { 0x12, 0x23, 0x4a, 0x43, 0x12, 0x34, 0x5a, 0x43, 0x23, 0x45, 0x5b, 0x54, 0x34, 0x55, 0x6b, 0x54, 0x45, 0x56, 0x6e, 0x54, 0xaa, 0xbb, 0xef, 0x53, 0x44, 0x55, 0x55, 0x43, 0x33, 0x44, 0x43, 0x32 },
    { 0x21, 0x00, 0x00, 0x12, 0x21, 0x10, 0x01, 0x12, 0x21, 0x10, 0x01, 0x12, 0x21, 0x10, 0x01, 0x12, 0x21, 0x10, 0x01, 0x12, 0x21, 0x00, 0x00, 0x12, 0x21, 0x00, 0x00, 0x12, 0x11, 0x00, 0x00, 0x11 },
    { 0x35, 0xb7, 0x7b, 0x53, 0x45, 0xb7, 0x7b, 0x54, 0x45, 0xc8, 0x8c, 0x54, 0x46, 0xd8, 0x8d, 0x64, 0x46, 0xf8, 0x8f, 0x64, 0x45, 0xff, 0xff, 0x54, 0x34, 0x66, 0x66, 0x43, 0x23, 0x44, 0x44, 0x32 },
    { 0x34, 0xa4, 0x32, 0x11, 0x34, 0xa5, 0x43, 0x22, 0x45, 0xb5, 0x54, 0x32, 0x45, 0xb6, 0x55, 0x43, 0x45, 0xe6, 0x65, 0x54, 0x35, 0xfe, 0xbb, 0xaa, 0x34, 0x55, 0x55, 0x44, 0x23, 0x34, 0x44, 0x33 },
    { 0x11, 0x23, 0x4a, 0x43, 0x22, 0x34, 0x5a, 0x43, 0x23, 0x45, 0x5b, 0x54, 0x34, 0x55, 0x6b, 0x54, 0x45, 0x56, 0x6e, 0x54, 0xaa, 0xbb, 0xef, 0x53, 0x44, 0x55, 0x55, 0x43, 0x33, 0x44, 0x43, 0x32 },
    { 0x21, 0x00, 0x00, 0x12, 0x21, 0x10, 0x00, 0x12, 0x21, 0x10, 0x00, 0x12, 0x21, 0x10, 0x00, 0x12, 0x21, 0x10, 0x00, 0x12, 0x21, 0x00, 0x00, 0x12, 0x21, 0x00, 0x00, 0x12, 0x11, 0x00, 0x00, 0x12 },
    { 0x21, 0x00, 0x00, 0x01, 0x21, 0x00, 0x00, 0x00, 0x21, 0x00, 0x00, 0x00, 0x21, 0x00, 0x00, 0x00, 0x21, 0x00, 0x00, 0x00, 0x21, 0x00, 0x00, 0x00, 0x21, 0x00, 0x00, 0x00, 0x21, 0x00, 0x00, 0x01 },
    { 0x12, 0x22, 0x22, 0x22, 0x11, 0x11, 0x11, 0x11, 0x00, 0x01, 0x11, 0x10, 0x00, 0x00, 0x00, 0x00, 0x00, 0x00, 0x00, 0x00, 0x00, 0x01, 0x11, 0x10, 0x11, 0x11, 0x11, 0x11, 0x12, 0x22, 0x22, 0x22 },
    { 0x22, 0x22, 0x22, 0x21, 0x11, 0x11, 0x11, 0x11, 0x01, 0x11, 0x10, 0x00, 0x00, 0x00, 0x00, 0x00, 0x00, 0x00, 0x00, 0x00, 0x01, 0x11, 0x10, 0x00, 0x11, 0x11, 0x11, 0x11, 0x22, 0x22, 0x22, 0x21 },
    { 0x10, 0x00, 0x00, 0x01, 0x00, 0x00, 0x00, 0x00, 0x00, 0x00, 0x00, 0x00, 0x00, 0x00, 0x00, 0x00, 0x00, 0x00, 0x00, 0x00, 0x00, 0x00, 0x00, 0x00, 0x00, 0x00, 0x00, 0x00, 0x10, 0x00, 0x00, 0x01 },
    { 0x22, 0x22, 0x22, 0x21, 0x11, 0x11, 0x11, 0x11, 0x01, 0x11, 0x10, 0x00, 0x00, 0x00, 0x00, 0x00, 0x00, 0x00, 0x00, 0x00, 0x00, 0x00, 0x00, 0x00, 0x11, 0x11, 0x11, 0x11, 0x22, 0x22, 0x22, 0x22 },
    { 0x10, 0x00, 0x00, 0x01, 0x00, 0x00, 0x00, 0x00, 0x00, 0x00, 0x00, 0x00, 0x00, 0x00, 0x00, 0x00, 0x00, 0x00, 0x00, 0x00, 0x00, 0x00, 0x00, 0x00, 0x11, 0x11, 0x11, 0x11, 0x22, 0x22, 0x22, 0x22 },
    { 0x12, 0x23, 0x32, 0x21, 0x11, 0x11, 0x11, 0x11, 0x00, 0x11, 0x11, 0x00, 0x00, 0x00, 0x00, 0x00, 0x00, 0x00, 0x00, 0x00, 0x00, 0x00, 0x00, 0x00, 0x11, 0x11, 0x11, 0x11, 0x22, 0x22, 0x22, 0x22 },
    { 0x12, 0x22, 0x22, 0x22, 0x11, 0x11, 0x11, 0x11, 0x00, 0x01, 0x11, 0x10, 0x00, 0x00, 0x00, 0x00, 0x00, 0x00, 0x00, 0x00, 0x01, 0x11, 0x10, 0x00, 0x11, 0x11, 0x11, 0x11, 0x22, 0x22, 0x22, 0x21 },
    { 0x22, 0x22, 0x22, 0x21, 0x11, 0x11, 0x11, 0x11, 0x01, 0x11, 0x10, 0x00, 0x00, 0x00, 0x00, 0x00, 0x00, 0x00, 0x00, 0x00, 0x00, 0x01, 0x11, 0x10, 0x11, 0x11, 0x11, 0x11, 0x12, 0x22, 0x22, 0x22 },
    { 0x12, 0x22, 0x22, 0x22, 0x11, 0x11, 0x11, 0x11, 0x00, 0x01, 0x11, 0x10, 0x00, 0x00, 0x00, 0x00, 0x00, 0x00, 0x00, 0x00, 0x00, 0x00, 0x00, 0x00, 0x11, 0x11, 0x11, 0x11, 0x22, 0x22, 0x22, 0x22 },
    { 0x10, 0x00, 0x00, 0x12, 0x00, 0x00, 0x00, 0x12, 0x00, 0x00, 0x00, 0x12, 0x00, 0x00, 0x00, 0x12, 0x00, 0x00, 0x00, 0x12, 0x00, 0x00, 0x00, 0x12, 0x00, 0x00, 0x00, 0x12, 0x10, 0x00, 0x00, 0x12 },
    { 0x23, 0x34, 0x44, 0x33, 0x34, 0x55, 0x55, 0x44, 0x35, 0xfe, 0xbb, 0xaa, 0x45, 0xe6, 0x65, 0x54, 0x45, 0xb6, 0x55, 0x43, 0x45, 0xb5, 0x54, 0x32, 0x34, 0xa5, 0x43, 0x22, 0x34, 0xa4, 0x32, 0x11 },
    { 0x33, 0x44, 0x43, 0x32, 0x44, 0x55, 0x55, 0x43, 0xaa, 0xbb, 0xef, 0x53, 0x45, 0x56, 0x6e, 0x54, 0x34, 0x55, 0x6b, 0x54, 0x23, 0x45, 0x5b, 0x54, 0x22, 0x34, 0x5a, 0x43, 0x11, 0x23, 0x4a, 0x43 },
    { 0x01, 0x23, 0x4a, 0x43, 0x01, 0x23, 0x4a, 0x43, 0x01, 0x23, 0x4a, 0x43, 0x01, 0x23, 0x4a, 0x54, 0x01, 0x23, 0x4a, 0x64, 0x01, 0x23, 0x5a, 0x85, 0x01, 0x23, 0x59, 0xc6, 0x01, 0x23, 0x57, 0xf7 },
    { 0x21, 0x00, 0x00, 0x01, 0x21, 0x10, 0x00, 0x00, 0x21, 0x10, 0x00, 0x00, 0x32, 0x10, 0x00, 0x00, 0x32, 0x11, 0x00, 0x00, 0x43, 0x21, 0x11, 0x10, 0x54, 0x32, 0x21, 0x11, 0x65, 0x43, 0x32, 0x22 },
    { 0x11, 0x23, 0x4a, 0x43, 0x11, 0x23, 0x4a, 0x43, 0x11, 0x23, 0x4a, 0x43, 0x11, 0x23, 0x4a, 0x54, 0x11, 0x23, 0x4a, 0x64, 0x11, 0x23, 0x5a, 0x85, 0x11, 0x23, 0x59, 0xc6, 0x01, 0x23, 0x57, 0xf7 },
    { 0x10, 0x00, 0x00, 0x12, 0x00, 0x00, 0x01, 0x12, 0x00, 0x00, 0x01, 0x12, 0x00, 0x00, 0x01, 0x23, 0x00, 0x00, 0x11, 0x23, 0x01, 0x11, 0x12, 0x34, 0x11, 0x12, 0x23, 0x45, 0x22, 0x23, 0x34, 0x56 },
    { 0x34, 0xa4, 0x32, 0x11, 0x34, 0xa4, 0x32, 0x11, 0x34, 0xa4, 0x32, 0x11, 0x45, 0xa4, 0x32, 0x11, 0x46, 0xa4, 0x32, 0x11, 0x58, 0xa5, 0x32, 0x11, 0x6c, 0x95, 0x32, 0x11, 0x7f, 0x75, 0x32, 0x10 },
    { 0x34, 0xa4, 0x32, 0x10, 0x34, 0xa4, 0x32, 0x10, 0x34, 0xa4, 0x32, 0x10, 0x45, 0xa4, 0x32, 0x10, 0x46, 0xa4, 0x32, 0x10, 0x58, 0xa5, 0x32, 0x10, 0x6c, 0x95, 0x32, 0x10, 0x7f, 0x75, 0x32, 0x10 },
    { 0x01, 0x13, 0x46, 0xed, 0x01, 0x12, 0x45, 0x6e, 0x00, 0x12, 0x34, 0x56, 0x00, 0x01, 0x23, 0x44, 0x00, 0x01, 0x12, 0x23, 0x00, 0x00, 0x01, 0x11, 0x00, 0x00, 0x00, 0x11, 0x00, 0x00, 0x00, 0x00 },
    { 0x76, 0x54, 0x43, 0x33, 0xfc, 0x86, 0x54, 0x44, 0x79, 0xaa, 0xaa, 0xaa, 0x55, 0x54, 0x44, 0x44, 0x33, 0x33, 0x33, 0x33, 0x22, 0x22, 0x22, 0x22, 0x11, 0x11, 0x11, 0x11, 0x00, 0x00, 0x00, 0x00 },
    { 0x33, 0x33, 0x33, 0x33, 0x44, 0x44, 0x44, 0x44, 0xaa, 0xaa, 0xaa, 0xaa, 0x44, 0x44, 0x44, 0x44, 0x33, 0x33, 0x33, 0x33, 0x22, 0x22, 0x22, 0x22, 0x11, 0x11, 0x11, 0x11, 0x00, 0x00, 0x00, 0x00 },
    { 0x33, 0x33, 0x33, 0x33, 0x44, 0x44, 0x44, 0x44, 0xaa, 0xaa, 0xaa, 0xaa, 0x44, 0x44, 0x44, 0x44, 0x33, 0x33, 0x33, 0x33, 0x22, 0x22, 0x22, 0x22, 0x11, 0x11, 0x11, 0x11, 0x00, 0x00, 0x00, 0x11 },
    { 0x33, 0x44, 0x43, 0x32, 0x44, 0x55, 0x55, 0x43, 0xaa, 0xbb, 0xef, 0x53, 0x45, 0x56, 0x6e, 0x54, 0x34, 0x55, 0x6b, 0x54, 0x23, 0x45, 0x5b, 0x54, 0x12, 0x34, 0x5a, 0x43, 0x11, 0x23, 0x4a, 0x43 },
    { 0x34, 0xa4, 0x32, 0x11, 0x34, 0xa4, 0x32, 0x11, 0x34, 0xa4, 0x32, 0x10, 0x34, 0xa4, 0x32, 0x10, 0x34, 0xa4, 0x32, 0x10, 0x34, 0xa4, 0x32, 0x10, 0x34, 0xa4, 0x32, 0x10, 0x34, 0xa4, 0x32, 0x10 },
    { 0x23, 0x34, 0x44, 0x33, 0x34, 0x55, 0x55, 0x44, 0x35, 0xfe, 0xbb, 0xaa, 0x45, 0xe6, 0x65, 0x54, 0x45, 0xb6, 0x55, 0x43, 0x45, 0xb5, 0x54, 0x32, 0x34, 0xa5, 0x43, 0x21, 0x34, 0xa4, 0x32, 0x11 },
    { 0x33, 0x33, 0x33, 0x33, 0x44, 0x44, 0x44, 0x44, 0xaa, 0xaa, 0xaa, 0xab, 0x44, 0x44, 0x55, 0x66, 0x33, 0x34, 0x45, 0x67, 0x22, 0x23, 0x45, 0x67, 0x11, 0x23, 0x46, 0x7e, 0x11, 0x23, 0x56, 0xed },
    { 0x34, 0x44, 0x44, 0x32, 0x55, 0x56, 0x65, 0x43, 0xbb, 0xcd, 0xff, 0x64, 0x77, 0x88, 0x8f, 0x64, 0x78, 0x89, 0x8f, 0x64, 0x9b, 0xdd, 0xff, 0x64, 0xfd, 0x97, 0x66, 0x43, 0x87, 0x65, 0x54, 0x32 },
    { 0x11, 0x00, 0x00, 0x11, 0x21, 0x00, 0x00, 0x12, 0x21, 0x10, 0x01, 0x12, 0x31, 0x10, 0x01, 0x13, 0x31, 0x10, 0x01, 0x13, 0x21, 0x10, 0x01, 0x12, 0x21, 0x00, 0x00, 0x12, 0x11, 0x00, 0x00, 0x11 },
    { 0x23, 0x44, 0x44, 0x43, 0x34, 0x56, 0x65, 0x55, 0x46, 0xff, 0xdc, 0xbb, 0x46, 0xf8, 0x88, 0x77, 0x46, 0xf8, 0x88, 0x77, 0x46, 0xff, 0xdc, 0xbb, 0x34, 0x56, 0x65, 0x55, 0x23, 0x44, 0x44, 0x43 },
    { 0x33, 0x33, 0x33, 0x33, 0x55, 0x55, 0x55, 0x55, 0xbb, 0xbb, 0xbb, 0xbb, 0x66, 0x66, 0x66, 0x66, 0x66, 0x66, 0x66, 0x66, 0xbb, 0xbb, 0xbb, 0xbb, 0x55, 0x55, 0x55, 0x55, 0x33, 0x33, 0x33, 0x33 },
    { 0x34, 0x44, 0x44, 0x32, 0x55, 0x56, 0x65, 0x43, 0xbb, 0xcd, 0xff, 0x64, 0x77, 0x88, 0x8f, 0x64, 0x77, 0x88, 0x8f, 0x64, 0xbb, 0xcd, 0xff, 0x64, 0x55, 0x56, 0x65, 0x43, 0x34, 0x44, 0x44, 0x32 },
    { 0x23, 0x44, 0x44, 0x43, 0x34, 0x56, 0x65, 0x55, 0x46, 0xff, 0xdc, 0xbb, 0x46, 0xf8, 0x88, 0x77, 0x46, 0xf8, 0x98, 0x87, 0x46, 0xff, 0xdd, 0xb9, 0x34, 0x66, 0x79, 0xdf, 0x23, 0x45, 0x56, 0x78 },
    { 0x33, 0x33, 0x33, 0x33, 0x44, 0x44, 0x44, 0x44, 0xba, 0xaa, 0xaa, 0xaa, 0x66, 0x55, 0x44, 0x44, 0x76, 0x54, 0x43, 0x33, 0x76, 0x54, 0x32, 0x22, 0xe7, 0x64, 0x32, 0x11, 0xde, 0x65, 0x32, 0x11 },
    { 0x33, 0x33, 0x33, 0x33, 0x44, 0x44, 0x44, 0x44, 0xaa, 0xaa, 0xaa, 0xaa, 0x44, 0x44, 0x44, 0x44, 0x33, 0x33, 0x33, 0x33, 0x22, 0x22, 0x22, 0x22, 0x11, 0x11, 0x11, 0x11, 0x11, 0x00, 0x00, 0x00 },
    { 0x33, 0x34, 0x45, 0x67, 0x44, 0x45, 0x68, 0xcf, 0xaa, 0xaa, 0xaa, 0x97, 0x44, 0x44, 0x45, 0x55, 0x33, 0x33, 0x33, 0x33, 0x22, 0x22, 0x22, 0x22, 0x11, 0x11, 0x11, 0x11, 0x00, 0x00, 0x00, 0x00 },
    { 0xde, 0x64, 0x31, 0x10, 0xe6, 0x54, 0x21, 0x10, 0x65, 0x43, 0x21, 0x00, 0x44, 0x32, 0x10, 0x00, 0x32, 0x21, 0x10, 0x00, 0x11, 0x10, 0x00, 0x00, 0x11, 0x00, 0x00, 0x00, 0x00, 0x00, 0x00, 0x00 },
    { 0x11, 0x23, 0x4a, 0x43, 0x11, 0x23, 0x4a, 0x43, 0x01, 0x23, 0x4a, 0x43, 0x01, 0x23, 0x4a, 0x43, 0x01, 0x23, 0x4a, 0x43, 0x01, 0x23, 0x4a, 0x43, 0x01, 0x23, 0x4a, 0x43, 0x01, 0x23, 0x4a, 0x43 },
    { 0x21, 0x00, 0x00, 0x12, 0x21, 0x00, 0x00, 0x12, 0x21, 0x00, 0x00, 0x12, 0x21, 0x00, 0x00, 0x12, 0x21, 0x00, 0x00, 0x12, 0x21, 0x00, 0x00, 0x12, 0x21, 0x00, 0x00, 0x12, 0x21, 0x00, 0x00, 0x12 },
    { 0x11, 0x23, 0x57, 0xf7, 0x11, 0x23, 0x59, 0xc6, 0x11, 0x23, 0x5a, 0x85, 0x11, 0x23, 0x4a, 0x64, 0x11, 0x23, 0x4a, 0x54, 0x11, 0x23, 0x4a, 0x43, 0x11, 0x23, 0x4a, 0x43, 0x11, 0x23, 0x4a, 0x43 },
    { 0x76, 0x54, 0x32, 0x21, 0x54, 0x32, 0x21, 0x11, 0x43, 0x21, 0x11, 0x00, 0x32, 0x11, 0x00, 0x00, 0x32, 0x10, 0x00, 0x00, 0x21, 0x10, 0x00, 0x00, 0x21, 0x10, 0x00, 0x00, 0x21, 0x00, 0x00, 0x01 },
    { 0x10, 0x00, 0x00, 0x01, 0x00, 0x00, 0x00, 0x00, 0x00, 0x00, 0x00, 0x00, 0x00, 0x00, 0x00, 0x00, 0x00, 0x00, 0x00, 0x00, 0x00, 0x01, 0x11, 0x10, 0x11, 0x11, 0x11, 0x11, 0x12, 0x22, 0x22, 0x22 },
    { 0x22, 0x22, 0x22, 0x22, 0x11, 0x11, 0x11, 0x11, 0x00, 0x00, 0x00, 0x00, 0x00, 0x00, 0x00, 0x00, 0x00, 0x00, 0x00, 0x00, 0x00, 0x00, 0x00, 0x00, 0x00, 0x00, 0x00, 0x00, 0x10, 0x00, 0x00, 0x00 },
    { 0x22, 0x22, 0x22, 0x22, 0x11, 0x11, 0x11, 0x11, 0x00, 0x00, 0x00, 0x00, 0x00, 0x00, 0x00, 0x00, 0x00, 0x00, 0x00, 0x00, 0x00, 0x00, 0x00, 0x00, 0x00, 0x00, 0x00, 0x00, 0x00, 0x00, 0x00, 0x01 },
    { 0x10, 0x00, 0x00, 0x01, 0x00, 0x00, 0x00, 0x00, 0x00, 0x00, 0x00, 0x00, 0x00, 0x00, 0x00, 0x00, 0x00, 0x00, 0x00, 0x00, 0x01, 0x11, 0x10, 0x00, 0x11, 0x11, 0x11, 0x11, 0x22, 0x22, 0x22, 0x21 },
    { 0x12, 0x23, 0x45, 0x67, 0x11, 0x12, 0x23, 0x45, 0x00, 0x11, 0x12, 0x34, 0x00, 0x00, 0x11, 0x23, 0x00, 0x00, 0x01, 0x23, 0x00, 0x00, 0x01, 0x12, 0x00, 0x00, 0x01, 0x12, 0x10, 0x00, 0x00, 0x12 },
    { 0x7f, 0x75, 0x32, 0x11, 0x6c, 0x95, 0x32, 0x11, 0x58, 0xa5, 0x32, 0x11, 0x46, 0xa4, 0x32, 0x11, 0x45, 0xa4, 0x32, 0x11, 0x34, 0xa4, 0x32, 0x11, 0x34, 0xa4, 0x32, 0x11, 0x34, 0xa4, 0x32, 0x11 },
    { 0x01, 0x23, 0x4a, 0x43, 0x01, 0x23, 0x4a, 0x43, 0x01, 0x23, 0x4a, 0x43, 0x01, 0x23, 0x4a, 0x43, 0x01, 0x23, 0x4a, 0x43, 0x01, 0x23, 0x4a, 0x43, 0x11, 0x23, 0x4a, 0x43, 0x11, 0x23, 0x4a, 0x43 },
    { 0x34, 0xa4, 0x32, 0x10, 0x34, 0xa4, 0x32, 0x10, 0x34, 0xa4, 0x32, 0x10, 0x34, 0xa4, 0x32, 0x10, 0x34, 0xa4, 0x32, 0x10, 0x34, 0xa4, 0x32, 0x10, 0x34, 0xa4, 0x32, 0x11, 0x34, 0xa4, 0x32, 0x11 },
    { 0x23, 0x34, 0x44, 0x33, 0x34, 0x55, 0x55, 0x55, 0x35, 0xfe, 0xcb, 0xbb, 0x45, 0xe7, 0x76, 0x66, 0x45, 0xc7, 0x66, 0x77, 0x45, 0xb6, 0x67, 0x77, 0x35, 0xb6, 0x77, 0x8e, 0x35, 0xb6, 0x77, 0xee },
    { 0x33, 0x33, 0x33, 0x33, 0x55, 0x55, 0x55, 0x55, 0xbb, 0xbb, 0xbb, 0xbb, 0x67, 0x76, 0x66, 0x66, 0x77, 0x77, 0x76, 0x66, 0x9b, 0xcc, 0xbb, 0xbb, 0xfd, 0x96, 0x55, 0x55, 0x87, 0x65, 0x44, 0x33 },
    { 0x11, 0x00, 0x00, 0x00, 0x21, 0x00, 0x00, 0x00, 0x21, 0x10, 0x00, 0x00, 0x31, 0x10, 0x00, 0x00, 0x31, 0x10, 0x00, 0x00, 0x21, 0x10, 0x00, 0x00, 0x21, 0x00, 0x00, 0x00, 0x11, 0x00, 0x00, 0x00 },
    { 0x00, 0x00, 0x00, 0x11, 0x00, 0x00, 0x00, 0x12, 0x00, 0x00, 0x01, 0x12, 0x00, 0x00, 0x01, 0x13, 0x00, 0x00, 0x01, 0x13, 0x00, 0x00, 0x01, 0x12, 0x00, 0x00, 0x00, 0x12, 0x00, 0x00, 0x00, 0x11 },
    { 0x33, 0x33, 0x33, 0x33, 0x55, 0x55, 0x55, 0x55, 0xbb, 0xbb, 0xbb, 0xbb, 0x66, 0x66, 0x67, 0x76, 0x66, 0x67, 0x77, 0x77, 0xbb, 0xbb, 0xcc, 0xb9, 0x55, 0x55, 0x69, 0xdf, 0x33, 0x44, 0x56, 0x78 },
    { 0x33, 0x44, 0x43, 0x32, 0x55, 0x55, 0x55, 0x43, 0xbb, 0xbc, 0xef, 0x53, 0x66, 0x67, 0x7e, 0x54, 0x77, 0x66, 0x7c, 0x54, 0x77, 0x76, 0x6b, 0x54, 0xe8, 0x77, 0x6b, 0x53, 0xee, 0x77, 0x6b, 0x53 },
    { 0x00, 0x00, 0x00, 0x11, 0x11, 0x11, 0x11, 0x11, 0x22, 0x22, 0x22, 0x22, 0x33, 0x33, 0x33, 0x33, 0x44, 0x44, 0x44, 0x44, 0xaa, 0xaa, 0xaa, 0xaa, 0x44, 0x44, 0x44, 0x44, 0x33, 0x33, 0x33, 0x33 },
    { 0x11, 0x23, 0x4a, 0x43, 0x12, 0x34, 0x5a, 0x43, 0x23, 0x45, 0x5b, 0x54, 0x34, 0x55, 0x6b, 0x54, 0x45, 0x56, 0x6e, 0x54, 0xaa, 0xbb, 0xef, 0x53, 0x44, 0x55, 0x55, 0x43, 0x33, 0x44, 0x43, 0x32 },
    { 0x34, 0xa4, 0x32, 0x11, 0x34, 0xa5, 0x43, 0x21, 0x45, 0xb5, 0x54, 0x32, 0x45, 0xb6, 0x55, 0x43, 0x45, 0xe6, 0x65, 0x54, 0x35, 0xfe, 0xbb, 0xaa, 0x34, 0x55, 0x55, 0x44, 0x23, 0x34, 0x44, 0x33 },
    { 0x11, 0x00, 0x00, 0x00, 0x11, 0x11, 0x11, 0x11, 0x22, 0x22, 0x22, 0x22, 0x33, 0x33, 0x33, 0x33, 0x44, 0x44, 0x44, 0x44, 0xaa, 0xaa, 0xaa, 0xaa, 0x44, 0x44, 0x44, 0x44, 0x33, 0x33, 0x33, 0x33 },
    { 0x35, 0xb6, 0x79, 0xf8, 0x35, 0xb7, 0x7b, 0xd7, 0x35, 0xb7, 0x7c, 0x96, 0x35, 0xb6, 0x7c, 0x65, 0x35, 0xb6, 0x7b, 0x54, 0x35, 0xb6, 0x6b, 0x54, 0x35, 0xb6, 0x6b, 0x53, 0x35, 0xb6, 0x6b, 0x53 },
    { 0x75, 0x43, 0x32, 0x22, 0x54, 0x32, 0x21, 0x11, 0x43, 0x21, 0x11, 0x10, 0x32, 0x11, 0x00, 0x00, 0x32, 0x10, 0x00, 0x00, 0x21, 0x10, 0x00, 0x00, 0x21, 0x10, 0x00, 0x00, 0x21, 0x00, 0x00, 0x00 },
    { 0x22, 0x22, 0x22, 0x21, 0x11, 0x11, 0x11, 0x11, 0x01, 0x11, 0x10, 0x00, 0x00, 0x00, 0x00, 0x00, 0x00, 0x00, 0x00, 0x00, 0x00, 0x00, 0x00, 0x00, 0x00, 0x00, 0x00, 0x00, 0x00, 0x00, 0x00, 0x00 },
    { 0x10, 0x00, 0x00, 0x00, 0x00, 0x00, 0x00, 0x00, 0x00, 0x00, 0x00, 0x00, 0x00, 0x00, 0x00, 0x00, 0x00, 0x00, 0x00, 0x00, 0x00, 0x00, 0x00, 0x00, 0x00, 0x00, 0x00, 0x00, 0x00, 0x00, 0x00, 0x00 },
    { 0x00, 0x00, 0x00, 0x01, 0x00, 0x00, 0x00, 0x00, 0x00, 0x00, 0x00, 0x00, 0x00, 0x00, 0x00, 0x00, 0x00, 0x00, 0x00, 0x00, 0x00, 0x00, 0x00, 0x00, 0x00, 0x00, 0x00, 0x00, 0x00, 0x00, 0x00, 0x00 },
    { 0x12, 0x22, 0x22, 0x22, 0x11, 0x11, 0x11, 0x11, 0x00, 0x01, 0x11, 0x10, 0x00, 0x00, 0x00, 0x00, 0x00, 0x00, 0x00, 0x00, 0x00, 0x00, 0x00, 0x00, 0x00, 0x00, 0x00, 0x00, 0x00, 0x00, 0x00, 0x00 },
    { 0x22, 0x23, 0x34, 0x57, 0x11, 0x12, 0x23, 0x45, 0x01, 0x11, 0x12, 0x34, 0x00, 0x00, 0x11, 0x23, 0x00, 0x00, 0x01, 0x23, 0x00, 0x00, 0x01, 0x12, 0x00, 0x00, 0x01, 0x12, 0x00, 0x00, 0x00, 0x12 },
    { 0x8f, 0x97, 0x6b, 0x53, 0x7d, 0xb7, 0x7b, 0x53, 0x69, 0xc7, 0x7b, 0x53, 0x56, 0xc7, 0x6b, 0x53, 0x45, 0xb7, 0x6b, 0x53, 0x45, 0xb6, 0x6b, 0x53, 0x35, 0xb6, 0x6b, 0x53, 0x35, 0xb6, 0x6b, 0x53 },
    { 0x21, 0x00, 0x00, 0x00, 0x21, 0x00, 0x00, 0x00, 0x21, 0x00, 0x00, 0x00, 0x21, 0x00, 0x00, 0x00, 0x21, 0x00, 0x00, 0x00, 0x21, 0x00, 0x00, 0x00, 0x21, 0x00, 0x00, 0x00, 0x21, 0x00, 0x00, 0x00 },
    { 0x00, 0x00, 0x00, 0x12, 0x00, 0x00, 0x00, 0x12, 0x00, 0x00, 0x00, 0x12, 0x00, 0x00, 0x00, 0x12, 0x00, 0x00, 0x00, 0x12, 0x00, 0x00, 0x00, 0x12, 0x00, 0x00, 0x00, 0x12, 0x00, 0x00, 0x00, 0x12 },
    { 0x35, 0xb6, 0x6b, 0x53, 0x35, 0xb6, 0x6b, 0x53, 0x35, 0xb6, 0x6b, 0x54, 0x35, 0xb6, 0x7b, 0x54, 0x35, 0xb6, 0x7c, 0x65, 0x35, 0xb7, 0x7c, 0x96, 0x35, 0xb7, 0x7b, 0xd7, 0x35, 0xb6, 0x79, 0xf8 },
    { 0x21, 0x00, 0x00, 0x00, 0x21, 0x10, 0x00, 0x00, 0x21, 0x10, 0x00, 0x00, 0x32, 0x10, 0x00, 0x00, 0x32, 0x11, 0x00, 0x00, 0x43, 0x21, 0x11, 0x10, 0x54, 0x32, 0x21, 0x11, 0x75, 0x43, 0x32, 0x22 },
    { 0x00, 0x00, 0x00, 0x00, 0x00, 0x00, 0x00, 0x00, 0x00, 0x00, 0x00, 0x00, 0x00, 0x00, 0x00, 0x00, 0x00, 0x00, 0x00, 0x00, 0x00, 0x00, 0x00, 0x00, 0x11, 0x11, 0x11, 0x11, 0x22, 0x22, 0x22, 0x22 },
    { 0x00, 0x00, 0x00, 0x12, 0x00, 0x00, 0x01, 0x12, 0x00, 0x00, 0x01, 0x12, 0x00, 0x00, 0x01, 0x23, 0x00, 0x00, 0x11, 0x23, 0x01, 0x11, 0x12, 0x34, 0x11, 0x12, 0x23, 0x45, 0x22, 0x23, 0x34, 0x57 },
    { 0x35, 0xb6, 0x6b, 0x53, 0x35, 0xb6, 0x6b, 0x53, 0x45, 0xb6, 0x6b, 0x53, 0x45, 0xb7, 0x6b, 0x53, 0x56, 0xc7, 0x6b, 0x53, 0x69, 0xc7, 0x7b, 0x53, 0x7d, 0xb7, 0x7b, 0x53, 0x8f, 0x97, 0x6b, 0x53 },
    { 0x35, 0xb6, 0x77, 0xee, 0x35, 0xb6, 0x77, 0x8e, 0x45, 0xb6, 0x67, 0x77, 0x45, 0xc7, 0x66, 0x77, 0x45, 0xe7, 0x76, 0x66, 0x35, 0xfe, 0xcb, 0xbb, 0x34, 0x55, 0x55, 0x55, 0x23, 0x34, 0x44, 0x33 },
    { 0x87, 0x65, 0x44, 0x33, 0xfd, 0x96, 0x55, 0x55, 0x9b, 0xcc, 0xbb, 0xbb, 0x77, 0x77, 0x76, 0x66, 0x67, 0x76, 0x66, 0x66, 0xbb, 0xbb, 0xbb, 0xbb, 0x55, 0x55, 0x55, 0x55, 0x33, 0x33, 0x33, 0x33 },
    { 0x33, 0x44, 0x56, 0x78, 0x55, 0x55, 0x69, 0xdf, 0xbb, 0xbb, 0xcc, 0xb9, 0x66, 0x67, 0x77, 0x77, 0x66, 0x66, 0x67, 0x76, 0xbb, 0xbb, 0xbb, 0xbb, 0x55, 0x55, 0x55, 0x55, 0x33, 0x33, 0x33, 0x33 },
    { 0xee, 0x77, 0x6b, 0x53, 0xe8, 0x77, 0x6b, 0x53, 0x77, 0x76, 0x6b, 0x54, 0x77, 0x66, 0x7c, 0x54, 0x66, 0x67, 0x7e, 0x54, 0xbb, 0xbc, 0xef, 0x53, 0x55, 0x55, 0x55, 0x43, 0x33, 0x44, 0x43, 0x32 },
    { 0x11, 0x23, 0x4a, 0x43, 0x11, 0x23, 0x4a, 0x43, 0x11, 0x23, 0x4a, 0x43, 0x11, 0x23, 0x4a, 0x54, 0x11, 0x23, 0x4a, 0x64, 0x11, 0x23, 0x5a, 0x85, 0x11, 0x23, 0x59, 0xc6, 0x11, 0x23, 0x57, 0xf7 },
    { 0x21, 0x00, 0x00, 0x01, 0x21, 0x10, 0x00, 0x00, 0x21, 0x10, 0x00, 0x00, 0x32, 0x10, 0x00, 0x00, 0x32, 0x11, 0x00, 0x00, 0x43, 0x21, 0x11, 0x00, 0x54, 0x32, 0x21, 0x11, 0x76, 0x54, 0x32, 0x21 },
    { 0x12, 0x22, 0x22, 0x22, 0x11, 0x11, 0x11, 0x11, 0x00, 0x01, 0x11, 0x10, 0x00, 0x00, 0x00, 0x00, 0x00, 0x00, 0x00, 0x00, 0x00, 0x00, 0x00, 0x00, 0x00, 0x00, 0x00, 0x00, 0x10, 0x00, 0x00, 0x01 },
    { 0x22, 0x22, 0x22, 0x21, 0x11, 0x11, 0x11, 0x11, 0x01, 0x11, 0x10, 0x00, 0x00, 0x00, 0x00, 0x00, 0x00, 0x00, 0x00, 0x00, 0x00, 0x00, 0x00, 0x00, 0x00, 0x00, 0x00, 0x00, 0x10, 0x00, 0x00, 0x01 },
    { 0x10, 0x00, 0x00, 0x12, 0x00, 0x00, 0x01, 0x12, 0x00, 0x00, 0x01, 0x12, 0x00, 0x00, 0x01, 0x23, 0x00, 0x00, 0x11, 0x23, 0x00, 0x11, 0x12, 0x34, 0x11, 0x12, 0x23, 0x45, 0x12, 0x23, 0x45, 0x67 },
    { 0x34, 0xa4, 0x32, 0x11, 0x34, 0xa4, 0x32, 0x11, 0x34, 0xa4, 0x32, 0x11, 0x45, 0xa4, 0x32, 0x11, 0x46, 0xa4, 0x32, 0x11, 0x58, 0xa5, 0x32, 0x11, 0x6c, 0x95, 0x32, 0x11, 0x7f, 0x75, 0x32, 0x11 },
    { 0x11, 0x23, 0x56, 0xed, 0x11, 0x23, 0x46, 0x7e, 0x22, 0x23, 0x45, 0x67, 0x33, 0x34, 0x45, 0x67, 0x44, 0x44, 0x55, 0x66, 0xaa, 0xaa, 0xaa, 0xab, 0x44, 0x44, 0x44, 0x44, 0x33, 0x33, 0x33, 0x33 },
    { 0x87, 0x65, 0x54, 0x32, 0xfd, 0x97, 0x66, 0x43, 0x9b, 0xdd, 0xff, 0x64, 0x78, 0x89, 0x8f, 0x64, 0x77, 0x88, 0x8f, 0x64, 0xbb, 0xcd, 0xff, 0x64, 0x55, 0x56, 0x65, 0x43, 0x34, 0x44, 0x44, 0x32 },
    { 0x23, 0x45, 0x56, 0x78, 0x34, 0x66, 0x79, 0xdf, 0x46, 0xff, 0xdd, 0xb9, 0x46, 0xf8, 0x98, 0x87, 0x46, 0xf8, 0x88, 0x77, 0x46, 0xff, 0xdc, 0xbb, 0x34, 0x56, 0x65, 0x55, 0x23, 0x44, 0x44, 0x43 },
    { 0xde, 0x65, 0x32, 0x11, 0xe7, 0x64, 0x32, 0x11, 0x76, 0x54, 0x32, 0x22, 0x76, 0x54, 0x43, 0x33, 0x66, 0x55, 0x44, 0x44, 0xba, 0xaa, 0xaa, 0xaa, 0x44, 0x44, 0x44, 0x44, 0x33, 0x33, 0x33, 0x33 },
    { 0x23, 0x34, 0x44, 0x33, 0x34, 0x55, 0x55, 0x44, 0x35, 0xfe, 0xbb, 0xaa, 0x45, 0xe6, 0x65, 0x54, 0x45, 0xb6, 0x55, 0x43, 0x45, 0xb5, 0x54, 0x32, 0x34, 0xa5, 0x43, 0x22, 0x34, 0xa4, 0x32, 0x21 },
    { 0x33, 0x44, 0x43, 0x32, 0x44, 0x55, 0x55, 0x43, 0xaa, 0xbb, 0xef, 0x53, 0x45, 0x56, 0x6e, 0x54, 0x34, 0x55, 0x6b, 0x54, 0x23, 0x45, 0x5b, 0x54, 0x22, 0x34, 0x5a, 0x43, 0x12, 0x23, 0x4a, 0x43 },
    { 0x34, 0xa4, 0x32, 0x21, 0x34, 0xa5, 0x43, 0x22, 0x45, 0xb5, 0x54, 0x32, 0x45, 0xb6, 0x55, 0x43, 0x45, 0xe6, 0x65, 0x54, 0x35, 0xfe, 0xbb, 0xaa, 0x34, 0x55, 0x55, 0x44, 0x23, 0x34, 0x44, 0x33 },
    { 0x12, 0x23, 0x4a, 0x43, 0x22, 0x34, 0x5a, 0x43, 0x23, 0x45, 0x5b, 0x54, 0x34, 0x55, 0x6b, 0x54, 0x45, 0x56, 0x6e, 0x54, 0xaa, 0xbb, 0xef, 0x53, 0x44, 0x55, 0x55, 0x43, 0x33, 0x44, 0x43, 0x32 },
    { 0x76, 0x54, 0x43, 0x33, 0xfc, 0x86, 0x54, 0x44, 0x79, 0xaa, 0xaa, 0xaa, 0x55, 0x54, 0x44, 0x44, 0x33, 0x33, 0x33, 0x33, 0x22, 0x22, 0x22, 0x22, 0x11, 0x11, 0x11, 0x11, 0x00, 0x11, 0x11, 0x11 },
    { 0x33, 0x34, 0x45, 0x67, 0x44, 0x45, 0x68, 0xcf, 0xaa, 0xaa, 0xaa, 0x97, 0x44, 0x44, 0x45, 0x55, 0x33, 0x33, 0x33, 0x33, 0x22, 0x22, 0x22, 0x22, 0x11, 0x11, 0x11, 0x11, 0x11, 0x11, 0x11, 0x00 },
    { 0x00, 0x11, 0x11, 0x11, 0x11, 0x11, 0x11, 0x11, 0x22, 0x22, 0x22, 0x22, 0x33, 0x33, 0x33, 0x33, 0x55, 0x54, 0x44, 0x44, 0x79, 0xaa, 0xaa, 0xaa, 0xfc, 0x86, 0x54, 0x44, 0x76, 0x54, 0x43, 0x33 },
    { 0x11, 0x11, 0x11, 0x00, 0x11, 0x11, 0x11, 0x11, 0x22, 0x22, 0x22, 0x22, 0x33, 0x33, 0x33, 0x33, 0x44, 0x44, 0x45, 0x55, 0xaa, 0xaa, 0xaa, 0x97, 0x44, 0x45, 0x68, 0xcf, 0x33, 0x34, 0x45, 0x67 },
    { 0x21, 0x00, 0x00, 0x11, 0x21, 0x00, 0x00, 0x12, 0x21, 0x00, 0x01, 0x12, 0x21, 0x00, 0x01, 0x13, 0x21, 0x00, 0x01, 0x13, 0x21, 0x00, 0x01, 0x12, 0x21, 0x00, 0x00, 0x12, 0x21, 0x00, 0x00, 0x11 },
    { 0x11, 0x00, 0x00, 0x12, 0x21, 0x00, 0x00, 0x12, 0x21, 0x10, 0x00, 0x12, 0x31, 0x10, 0x00, 0x12, 0x31, 0x10, 0x00, 0x12, 0x21, 0x10, 0x00, 0x12, 0x21, 0x00, 0x00, 0x12, 0x11, 0x00, 0x00, 0x12 },
    { 0x11, 0x00, 0x00, 0x12, 0x21, 0x00, 0x01, 0x12, 0x21, 0x00, 0x01, 0x12, 0x21, 0x10, 0x01, 0x12, 0x21, 0x10, 0x01, 0x12, 0x21, 0x10, 0x00, 0x12, 0x21, 0x10, 0x00, 0x12, 0x21, 0x00, 0x00, 0x11 },
    { 0x21, 0x00, 0x00, 0x11, 0x21, 0x10, 0x00, 0x12, 0x21, 0x10, 0x00, 0x12, 0x21, 0x10, 0x01, 0x12, 0x21, 0x10, 0x01, 0x12, 0x21, 0x00, 0x01, 0x12, 0x21, 0x00, 0x01, 0x12, 0x11, 0x00, 0x00, 0x12 },
    { 0x21, 0x00, 0x00, 0x01, 0x21, 0x10, 0x00, 0x00, 0x21, 0x10, 0x00, 0x00, 0x21, 0x10, 0x00, 0x00, 0x21, 0x10, 0x00, 0x00, 0x21, 0x00, 0x00, 0x00, 0x21, 0x00, 0x00, 0x00, 0x11, 0x00, 0x00, 0x01 },
    { 0x12, 0x23, 0x32, 0x21, 0x11, 0x11, 0x11, 0x11, 0x00, 0x11, 0x11, 0x00, 0x00, 0x00, 0x00, 0x00, 0x00, 0x00, 0x00, 0x00, 0x00, 0x11, 0x11, 0x00, 0x11, 0x11, 0x11, 0x11, 0x12, 0x23, 0x32, 0x21 },
    { 0x10, 0x00, 0x00, 0x12, 0x00, 0x00, 0x01, 0x12, 0x00, 0x00, 0x01, 0x12, 0x00, 0x00, 0x01, 0x12, 0x00, 0x00, 0x01, 0x12, 0x00, 0x00, 0x00, 0x12, 0x00, 0x00, 0x00, 0x12, 0x10, 0x00, 0x00, 0x11 },
    { 0x10, 0x00, 0x00, 0x11, 0x00, 0x00, 0x00, 0x12, 0x00, 0x00, 0x01, 0x12, 0x00, 0x00, 0x01, 0x23, 0x00, 0x00, 0x11, 0x24, 0x00, 0x11, 0x12, 0x35, 0x11, 0x12, 0x23, 0x46, 0x12, 0x23, 0x44, 0x67 },
    { 0x23, 0x44, 0x44, 0x32, 0x34, 0x66, 0x66, 0x43, 0x46, 0xff, 0xff, 0x54, 0x56, 0xf8, 0x8f, 0x64, 0x57, 0xd9, 0x8d, 0x64, 0x69, 0xd8, 0x8c, 0x54, 0x7d, 0xb8, 0x7b, 0x54, 0x8f, 0x97, 0x7b, 0x53 },
    { 0x11, 0x00, 0x00, 0x01, 0x21, 0x00, 0x00, 0x00, 0x21, 0x00, 0x00, 0x00, 0x21, 0x10, 0x00, 0x00, 0x21, 0x10, 0x00, 0x00, 0x21, 0x10, 0x00, 0x00, 0x21, 0x10, 0x00, 0x00, 0x21, 0x00, 0x00, 0x01 },
    { 0x10, 0x00, 0x00, 0x11, 0x00, 0x00, 0x00, 0x12, 0x00, 0x00, 0x00, 0x12, 0x00, 0x00, 0x01, 0x12, 0x00, 0x00, 0x01, 0x12, 0x00, 0x00, 0x01, 0x12, 0x00, 0x00, 0x01, 0x12, 0x10, 0x00, 0x00, 0x12 },
    { 0x23, 0x44, 0x44, 0x32, 0x34, 0x66, 0x66, 0x43, 0x45, 0xff, 0xff, 0x64, 0x46, 0xf8, 0x8f, 0x65, 0x46, 0xd8, 0x9d, 0x75, 0x45, 0xc8, 0x8d, 0x96, 0x45, 0xb7, 0x8b, 0xd7, 0x35, 0xb7, 0x79, 0xf8 },
    { 0x11, 0x00, 0x00, 0x01, 0x21, 0x00, 0x00, 0x00, 0x21, 0x10, 0x00, 0x00, 0x32, 0x10, 0x00, 0x00, 0x42, 0x11, 0x00, 0x00, 0x53, 0x21, 0x11, 0x00, 0x64, 0x32, 0x21, 0x11, 0x76, 0x44, 0x32, 0x21 },
    { 0x23, 0x44, 0x56, 0x77, 0x34, 0x56, 0x69, 0xdf, 0x35, 0xfe, 0xcb, 0xa8, 0x45, 0xe7, 0x66, 0x65, 0x45, 0xb6, 0x65, 0x44, 0x45, 0xb5, 0x54, 0x32, 0x34, 0xa5, 0x43, 0x21, 0x34, 0xa4, 0x32, 0x11 },
    { 0xee, 0x77, 0x6b, 0x43, 0xe7, 0x66, 0x6a, 0x43, 0x66, 0x55, 0x5a, 0x43, 0x54, 0x44, 0x5a, 0x43, 0x33, 0x34, 0x4a, 0x43, 0x22, 0x23, 0x4a, 0x43, 0x11, 0x23, 0x4a, 0x43, 0x11, 0x23, 0x4a, 0x43 },
    { 0x34, 0xb6, 0x77, 0xee, 0x34, 0xa6, 0x66, 0x7e, 0x34, 0xa5, 0x55, 0x66, 0x34, 0xa5, 0x44, 0x45, 0x34, 0xa4, 0x43, 0x33, 0x34, 0xa4, 0x32, 0x22, 0x34, 0xa4, 0x32, 0x11, 0x34, 0xa4, 0x32, 0x11 },
    { 0x77, 0x65, 0x44, 0x32, 0xfd, 0x96, 0x65, 0x43, 0x8a, 0xbc, 0xef, 0x53, 0x56, 0x66, 0x7e, 0x54, 0x44, 0x56, 0x6b, 0x54, 0x23, 0x45, 0x5b, 0x54, 0x12, 0x34, 0x5a, 0x43, 0x11, 0x23, 0x4a, 0x43 },
    { 0x33, 0x33, 0x33, 0x33, 0x44, 0x44, 0x44, 0x44, 0xaa, 0xaa, 0xaa, 0xaa, 0x44, 0x44, 0x44, 0x44, 0x33, 0x33, 0x33, 0x33, 0x22, 0x22, 0x22, 0x22, 0x11, 0x11, 0x11, 0x11, 0x11, 0x00, 0x00, 0x11 },
    { 0x34, 0xa4, 0x32, 0x11, 0x34, 0xa4, 0x32, 0x11, 0x34, 0xa4, 0x32, 0x10, 0x34, 0xa4, 0x32, 0x10, 0x34, 0xa4, 0x32, 0x10, 0x34, 0xa4, 0x32, 0x10, 0x34, 0xa4, 0x32, 0x11, 0x34, 0xa4, 0x32, 0x11 },
    { 0x11, 0x23, 0x4a, 0x43, 0x11, 0x23, 0x4a, 0x43, 0x01, 0x23, 0x4a, 0x43, 0x01, 0x23, 0x4a, 0x43, 0x01, 0x23, 0x4a, 0x43, 0x01, 0x23, 0x4a, 0x43, 0x11, 0x23, 0x4a, 0x43, 0x11, 0x23, 0x4a, 0x43 },
    { 0x11, 0x00, 0x00, 0x11, 0x11, 0x11, 0x11, 0x11, 0x22, 0x22, 0x22, 0x22, 0x33, 0x33, 0x33, 0x33, 0x44, 0x44, 0x44, 0x44, 0xaa, 0xaa, 0xaa, 0xaa, 0x44, 0x44, 0x44, 0x44, 0x33, 0x33, 0x33, 0x33 },
    { 0x22, 0x22, 0x22, 0x22, 0x11, 0x11, 0x11, 0x11, 0x00, 0x00, 0x00, 0x00, 0x00, 0x00, 0x00, 0x00, 0x00, 0x00, 0x00, 0x00, 0x00, 0x11, 0x11, 0x00, 0x11, 0x11, 0x11, 0x11, 0x12, 0x23, 0x32, 0x21 },
    { 0x10, 0x00, 0x00, 0x01, 0x00, 0x00, 0x00, 0x00, 0x00, 0x00, 0x00, 0x00, 0x00, 0x00, 0x00, 0x00, 0x00, 0x00, 0x00, 0x00, 0x00, 0x11, 0x11, 0x00, 0x11, 0x11, 0x11, 0x11, 0x12, 0x23, 0x32, 0x21 },
    { 0x23, 0x44, 0x44, 0x32, 0x34, 0x66, 0x66, 0x43, 0x45, 0xff, 0xff, 0x54, 0x46, 0xf8, 0x8f, 0x64, 0x46, 0xd8, 0x8d, 0x64, 0x45, 0xc8, 0x8c, 0x54, 0x45, 0xb7, 0x7b, 0x54, 0x35, 0xb7, 0x7b, 0x53 },
    { 0x34, 0xa4, 0x32, 0x11, 0x34, 0xa5, 0x43, 0x21, 0x45, 0xb5, 0x54, 0x32, 0x45, 0xb6, 0x65, 0x43, 0x45, 0xe7, 0x66, 0x65, 0x35, 0xfe, 0xcb, 0xa8, 0x34, 0x56, 0x69, 0xdf, 0x23, 0x44, 0x56, 0x77 },
    { 0x10, 0x00, 0x00, 0x00, 0x11, 0x00, 0x00, 0x11, 0x21, 0x11, 0x11, 0x11, 0x32, 0x21, 0x12, 0x23, 0x44, 0x32, 0x23, 0x44, 0x65, 0x44, 0x44, 0x56, 0xe7, 0x65, 0x56, 0x7e, 0xde, 0x76, 0x67, 0xed },
    { 0x01, 0x11, 0x11, 0x11, 0x11, 0x11, 0x11, 0x11, 0x22, 0x22, 0x22, 0x22, 0x33, 0x33, 0x33, 0x33, 0x55, 0x54, 0x44, 0x44, 0x79, 0xaa, 0xaa, 0xaa, 0xfc, 0x86, 0x54, 0x44, 0x76, 0x54, 0x43, 0x33 },
    { 0x11, 0x11, 0x11, 0x10, 0x11, 0x11, 0x11, 0x11, 0x22, 0x22, 0x22, 0x22, 0x33, 0x33, 0x33, 0x33, 0x44, 0x44, 0x45, 0x55, 0xaa, 0xaa, 0xaa, 0x97, 0x44, 0x45, 0x68, 0xcf, 0x33, 0x34, 0x45, 0x67 },
    { 0x00, 0x00, 0x00, 0x01, 0x11, 0x00, 0x00, 0x11, 0x11, 0x11, 0x11, 0x12, 0x32, 0x21, 0x12, 0x23, 0x44, 0x32, 0x23, 0x44, 0x65, 0x44, 0x44, 0x56, 0xe7, 0x65, 0x56, 0x7e, 0xde, 0x76, 0x67, 0xed },
    { 0x11, 0x23, 0x4a, 0x43, 0x12, 0x34, 0x5a, 0x43, 0x23, 0x45, 0x5b, 0x54, 0x34, 0x56, 0x6b, 0x54, 0x56, 0x66, 0x7e, 0x54, 0x8a, 0xbc, 0xef, 0x53, 0xfd, 0x96, 0x65, 0x43, 0x77, 0x65, 0x44, 0x32 },
    { 0x12, 0x23, 0x44, 0x57, 0x11, 0x12, 0x23, 0x45, 0x00, 0x11, 0x12, 0x34, 0x00, 0x00, 0x11, 0x23, 0x00, 0x00, 0x01, 0x23, 0x00, 0x00, 0x01, 0x12, 0x00, 0x00, 0x01, 0x12, 0x10, 0x00, 0x00, 0x12 },
    { 0x12, 0x23, 0x32, 0x21, 0x11, 0x11, 0x11, 0x11, 0x00, 0x11, 0x11, 0x00, 0x00, 0x00, 0x00, 0x00, 0x00, 0x00, 0x00, 0x00, 0x01, 0x11, 0x10, 0x00, 0x11, 0x11, 0x11, 0x11, 0x22, 0x22, 0x22, 0x21 },
    { 0x12, 0x23, 0x32, 0x21, 0x11, 0x11, 0x11, 0x11, 0x00, 0x11, 0x11, 0x00, 0x00, 0x00, 0x00, 0x00, 0x00, 0x00, 0x00, 0x00, 0x00, 0x01, 0x11, 0x10, 0x11, 0x11, 0x11, 0x11, 0x12, 0x22, 0x22, 0x22 },
    { 0x75, 0x44, 0x32, 0x21, 0x54, 0x32, 0x21, 0x11, 0x43, 0x21, 0x11, 0x00, 0x32, 0x11, 0x00, 0x00, 0x32, 0x10, 0x00, 0x00, 0x21, 0x10, 0x00, 0x00, 0x21, 0x10, 0x00, 0x00, 0x21, 0x00, 0x00, 0x01 },
    { 0x11, 0x23, 0x4a, 0x43, 0x11, 0x23, 0x4a, 0x43, 0x01, 0x23, 0x4a, 0x43, 0x01, 0x23, 0x4a, 0x43, 0x01, 0x23, 0x4a, 0x43, 0x01, 0x23, 0x4a, 0x43, 0x01, 0x23, 0x4a, 0x43, 0x11, 0x23, 0x4a, 0x43 },
    { 0x34, 0xa4, 0x32, 0x11, 0x34, 0xa4, 0x32, 0x11, 0x34, 0xa4, 0x32, 0x10, 0x34, 0xa4, 0x32, 0x10, 0x34, 0xa4, 0x32, 0x10, 0x34, 0xa4, 0x32, 0x10, 0x34, 0xa4, 0x32, 0x10, 0x34, 0xa4, 0x32, 0x11 },
    { 0x22, 0x22, 0x22, 0x21, 0x11, 0x11, 0x11, 0x11, 0x01, 0x11, 0x10, 0x00, 0x00, 0x00, 0x00, 0x00, 0x00, 0x00, 0x00, 0x00, 0x00, 0x11, 0x11, 0x00, 0x11, 0x11, 0x11, 0x11, 0x12, 0x23, 0x32, 0x21 },
    { 0x00, 0x00, 0x00, 0x00, 0x00, 0x00, 0x00, 0x11, 0x00, 0x00, 0x01, 0x12, 0x00, 0x01, 0x12, 0x23, 0x00, 0x01, 0x23, 0x44, 0x00, 0x12, 0x34, 0x56, 0x01, 0x12, 0x45, 0x6e, 0x01, 0x13, 0x46, 0xed },
    { 0x11, 0x23, 0x4a, 0x43, 0x12, 0x34, 0x5a, 0x43, 0x23, 0x45, 0x5b, 0x54, 0x34, 0x56, 0x6b, 0x54, 0x56, 0x66, 0x7e, 0x54, 0x7a, 0xbc, 0xef, 0x53, 0xfd, 0x96, 0x65, 0x43, 0x77, 0x65, 0x44, 0x32 },
    { 0x34, 0xa4, 0x32, 0x11, 0x34, 0xa5, 0x43, 0x21, 0x45, 0xb5, 0x54, 0x32, 0x45, 0xb6, 0x65, 0x43, 0x45, 0xe7, 0x66, 0x65, 0x35, 0xfe, 0xcb, 0xa7, 0x34, 0x56, 0x69, 0xdf, 0x23, 0x44, 0x56, 0x77 },
    { 0x00, 0x00, 0x00, 0x00, 0x11, 0x00, 0x00, 0x00, 0x21, 0x10, 0x00, 0x00, 0x32, 0x21, 0x10, 0x00, 0x44, 0x32, 0x10, 0x00, 0x65, 0x43, 0x21, 0x00, 0xe6, 0x54, 0x21, 0x10, 0xde, 0x64, 0x31, 0x10 },
    { 0x12, 0x22, 0x22, 0x22, 0x11, 0x11, 0x11, 0x11, 0x00, 0x01, 0x11, 0x10, 0x00, 0x00, 0x00, 0x00, 0x00, 0x00, 0x00, 0x00, 0x00, 0x11, 0x11, 0x00, 0x11, 0x11, 0x11, 0x11, 0x12, 0x23, 0x32, 0x21 },
    { 0x01, 0x23, 0x57, 0xf7, 0x11, 0x23, 0x59, 0xc6, 0x11, 0x23, 0x5a, 0x85, 0x11, 0x23, 0x4a, 0x64, 0x11, 0x23, 0x4a, 0x54, 0x11, 0x23, 0x4a, 0x43, 0x11, 0x23, 0x4a, 0x43, 0x11, 0x23, 0x4a, 0x43 },
    { 0x7f, 0x75, 0x32, 0x10, 0x6c, 0x95, 0x32, 0x11, 0x58, 0xa5, 0x32, 0x11, 0x46, 0xa4, 0x32, 0x11, 0x45, 0xa4, 0x32, 0x11, 0x34, 0xa4, 0x32, 0x11, 0x34, 0xa4, 0x32, 0x11, 0x34, 0xa4, 0x32, 0x11 },
    { 0x10, 0x00, 0x00, 0x12, 0x00, 0x00, 0x01, 0x12, 0x00, 0x00, 0x01, 0x12, 0x00, 0x00, 0x01, 0x23, 0x00, 0x00, 0x11, 0x23, 0x01, 0x11, 0x12, 0x34, 0x11, 0x12, 0x23, 0x45, 0x22, 0x23, 0x34, 0x57 },
    { 0x35, 0xb6, 0x6b, 0x53, 0x35, 0xb6, 0x6b, 0x53, 0x45, 0xb6, 0x6b, 0x54, 0x45, 0xb7, 0x7b, 0x54, 0x56, 0xc7, 0x7c, 0x65, 0x68, 0xc7, 0x7c, 0x86, 0x7d, 0xb7, 0x7b, 0xd7, 0x7f, 0x87, 0x78, 0xf7 },
    { 0x21, 0x00, 0x00, 0x01, 0x21, 0x10, 0x00, 0x00, 0x21, 0x10, 0x00, 0x00, 0x32, 0x10, 0x00, 0x00, 0x32, 0x11, 0x00, 0x00, 0x43, 0x21, 0x11, 0x10, 0x54, 0x32, 0x21, 0x11, 0x75, 0x43, 0x32, 0x22 },
    { 0x33, 0x44, 0x56, 0x77, 0x55, 0x55, 0x69, 0xdf, 0xbb, 0xbb, 0xcc, 0xb9, 0x66, 0x67, 0x77, 0x77, 0x66, 0x66, 0x67, 0x76, 0xbb, 0xbb, 0xbb, 0xbb, 0x55, 0x55, 0x55, 0x54, 0x33, 0x33, 0x33, 0x33 },
    { 0xee, 0x77, 0x77, 0xee, 0xe7, 0x66, 0x66, 0x7e, 0x77, 0x65, 0x56, 0x77, 0x76, 0x55, 0x55, 0x67, 0x66, 0x55, 0x55, 0x66, 0xba, 0xaa, 0xaa, 0xab, 0x44, 0x44, 0x44, 0x44, 0x33, 0x33, 0x33, 0x33 },
    { 0x77, 0x65, 0x44, 0x33, 0xfd, 0x96, 0x55, 0x55, 0x9b, 0xcc, 0xbb, 0xbb, 0x77, 0x77, 0x76, 0x66, 0x67, 0x76, 0x66, 0x66, 0xbb, 0xbb, 0xbb, 0xbb, 0x45, 0x55, 0x55, 0x55, 0x33, 0x33, 0x33, 0x33 },
};

const uint16_t PAC_TILEMAP[PAC_MAZES][PM_H][PM_W] = {
    {
        { 1, 2, 3, 3, 3, 3, 3, 3, 3, 3, 3, 4, 5, 2, 3, 3, 3, 4, 6, 1, 2, 3, 3, 3, 4, 5, 2, 3, 3, 3, 3, 3, 3, 3, 3, 3, 4, 6 },
        { 7, 8, 9, 10, 11, 12, 9, 10, 10, 10, 11, 13, 14, 15, 9, 10, 11, 16, 17, 18, 8, 9, 10, 11, 13, 14, 15, 9, 10, 10, 10, 11, 12, 9, 10, 11, 16, 19 },
        { 20, 21, 22, 23, 24, 25, 22, 23, 23, 23, 24, 26, 27, 21, 22, 23, 24, 26, 28, 29, 21, 22, 23, 24, 26, 27, 21, 22, 23, 23, 23, 24, 25, 22, 23, 24, 26, 30 },
        { 20, 31, 32, 33, 34, 35, 32, 33, 33, 33, 34, 35, 36, 35, 32, 33, 34, 35, 37, 38, 35, 32, 33, 34, 35, 36, 35, 32, 33, 33, 33, 34, 35, 32, 33, 34, 39, 30 },
        { 20, 40, 41, 10, 42, 43, 41, 11, 12, 9, 44, 45, 46, 45, 47, 12, 48, 45, 49, 44, 45, 47, 12, 48, 45, 46, 45, 49, 11, 12, 9, 42, 43, 41, 10, 42, 50, 30 },
        { 20, 21, 22, 23, 24, 25, 51, 52, 25, 22, 23, 23, 23, 23, 24, 25, 22, 23, 23, 23, 23, 24, 25, 22, 23, 23, 23, 23, 24, 25, 51, 52, 25, 22, 23, 24, 26, 30 },
        { 20, 31, 32, 33, 34, 39, 28, 29, 31, 32, 33, 33, 33, 33, 34, 35, 32, 33, 33, 33, 33, 34, 35, 32, 33, 33, 33, 33, 34, 39, 28, 29, 31, 32, 33, 34, 39, 30 },
        { 53, 54, 49, 10, 42, 50, 28, 55, 54, 49, 11, 12, 9, 10, 42, 43, 41, 10, 10, 10, 10, 42, 43, 41, 10, 11, 12, 9, 44, 56, 57, 29, 40, 41, 10, 44, 56, 58 },
        { 59, 60, 61, 62, 63, 26, 64, 59, 60, 62, 63, 25, 65, 66, 67, 68, 69, 70, 70, 70, 70, 71, 68, 72, 73, 63, 25, 65, 74, 75, 76, 77, 21, 65, 74, 61, 75, 76 },
        { 0, 0, 0, 0, 77, 78, 30, 0, 0, 0, 77, 78, 28, 79, 80, 81, 49, 11, 82, 83, 9, 44, 84, 85, 86, 29, 78, 64, 0, 0, 0, 20, 78, 64, 0, 0, 0, 0 },
        { 0, 0, 0, 0, 87, 78, 88, 0, 0, 0, 87, 78, 28, 29, 21, 89, 90, 71, 91, 92, 69, 93, 94, 26, 28, 29, 78, 88, 0, 0, 0, 87, 78, 88, 0, 0, 0, 0 },
        { 3, 3, 3, 95, 96, 35, 97, 98, 3, 95, 96, 35, 37, 38, 39, 99, 100, 101, 102, 103, 104, 105, 106, 31, 37, 38, 35, 97, 98, 3, 95, 96, 35, 97, 98, 3, 3, 3 },
        { 10, 10, 10, 10, 42, 43, 41, 10, 10, 10, 42, 43, 41, 42, 50, 27, 107, 0, 0, 0, 0, 108, 27, 40, 41, 42, 43, 41, 10, 10, 10, 42, 43, 41, 10, 10, 10, 10 },
        { 61, 61, 61, 62, 63, 25, 65, 74, 61, 62, 63, 25, 51, 52, 26, 109, 110, 111, 111, 111, 111, 112, 113, 21, 51, 52, 25, 65, 74, 61, 62, 63, 25, 65, 74, 61, 61, 61 },
        { 0, 0, 0, 0, 77, 78, 64, 0, 0, 0, 77, 78, 28, 29, 31, 114, 115, 70, 70, 70, 70, 116, 117, 39, 28, 29, 78, 64, 0, 0, 0, 77, 78, 64, 0, 0, 0, 0 },
        { 0, 0, 0, 0, 87, 78, 88, 0, 0, 0, 87, 78, 28, 118, 119, 120, 9, 10, 10, 10, 10, 11, 121, 122, 123, 29, 78, 88, 0, 0, 0, 87, 78, 88, 0, 0, 0, 0 },
        { 1, 2, 3, 95, 96, 35, 97, 98, 3, 95, 96, 35, 97, 124, 125, 68, 69, 70, 70, 70, 70, 71, 68, 126, 127, 96, 35, 97, 98, 3, 95, 96, 35, 97, 98, 3, 4, 6 },
        { 7, 8, 9, 10, 42, 43, 41, 11, 12, 9, 44, 45, 49, 10, 42, 43, 41, 10, 10, 10, 10, 42, 43, 41, 10, 44, 45, 49, 11, 12, 9, 42, 43, 41, 10, 11, 16, 19 },
        { 20, 21, 22, 23, 24, 25, 128, 129, 25, 22, 23, 23, 23, 23, 24, 25, 22, 23, 23, 23, 23, 24, 25, 22, 23, 23, 23, 23, 24, 25, 128, 129, 25, 22, 23, 24, 26, 30 },
        { 20, 31, 32, 33, 34, 35, 130, 131, 35, 32, 33, 33, 33, 33, 34, 35, 32, 33, 33, 33, 33, 34, 35, 32, 33, 33, 33, 33, 34, 35, 130, 131, 35, 32, 33, 34, 39, 30 },
        { 53, 54, 47, 12, 48, 45, 47, 121, 81, 49, 10, 11, 12, 9, 44, 84, 120, 9, 10, 10, 11, 121, 81, 49, 11, 12, 9, 10, 44, 84, 120, 48, 45, 47, 12, 48, 56, 58 },
        { 59, 132, 24, 25, 22, 23, 24, 25, 22, 23, 23, 24, 25, 22, 23, 24, 25, 22, 23, 23, 24, 25, 22, 23, 24, 25, 22, 23, 23, 24, 25, 22, 23, 24, 25, 22, 133, 76 },
        { 1, 134, 34, 35, 32, 33, 34, 35, 32, 33, 33, 34, 35, 32, 33, 34, 35, 32, 33, 33, 34, 35, 32, 33, 34, 35, 32, 33, 33, 34, 35, 32, 33, 34, 35, 32, 135, 6 },
        { 7, 8, 48, 45, 49, 10, 44, 84, 120, 9, 10, 42, 43, 41, 10, 44, 84, 120, 9, 11, 121, 81, 49, 10, 42, 43, 41, 10, 11, 121, 81, 49, 10, 44, 45, 47, 16, 19 },
        { 20, 136, 69, 70, 70, 70, 70, 71, 68, 69, 70, 71, 68, 69, 70, 70, 71, 68, 69, 71, 68, 69, 70, 70, 71, 68, 69, 70, 71, 68, 69, 70, 70, 70, 70, 71, 137, 30 },
        { 53, 54, 49, 10, 10, 10, 10, 44, 45, 49, 10, 44, 45, 49, 10, 10, 44, 45, 49, 44, 45, 49, 10, 10, 44, 45, 49, 10, 44, 45, 49, 10, 10, 10, 10, 44, 56, 58 },
        { 59, 60, 61, 61, 61, 61, 61, 61, 61, 61, 61, 61, 61, 61, 61, 61, 61, 61, 61, 61, 61, 61, 61, 61, 61, 61, 61, 61, 61, 61, 61, 61, 61, 61, 61, 61, 75, 76 },
    },
    {
        { 1, 2, 3, 3, 3, 3, 4, 5, 2, 3, 3, 3, 3, 3, 3, 3, 3, 4, 6, 1, 2, 3, 3, 3, 3, 3, 3, 3, 3, 4, 5, 2, 3, 3, 3, 3, 4, 6 },
        { 7, 8, 9, 10, 10, 11, 13, 14, 15, 9, 10, 10, 10, 10, 10, 10, 11, 16, 17, 18, 8, 9, 10, 10, 10, 10, 10, 10, 11, 13, 14, 15, 9, 10, 10, 11, 16, 19 },
        { 87, 21, 22, 23, 23, 24, 138, 36, 139, 22, 23, 23, 23, 23, 23, 23, 24, 26, 28, 29, 21, 22, 23, 23, 23, 23, 23, 23, 24, 138, 36, 139, 22, 23, 23, 24, 26, 88 },
        { 96, 35, 32, 33, 33, 34, 140, 141, 142, 32, 33, 33, 33, 33, 33, 33, 34, 35, 37, 38, 35, 32, 33, 33, 33, 33, 33, 33, 34, 140, 141, 142, 32, 33, 33, 34, 35, 97 },
        { 42, 43, 41, 10, 11, 121, 143, 144, 145, 41, 10, 10, 10, 10, 11, 12, 48, 45, 49, 44, 45, 47, 12, 9, 10, 10, 10, 10, 42, 146, 147, 148, 120, 9, 10, 42, 43, 41 },
        { 63, 25, 22, 23, 24, 25, 149, 150, 21, 22, 23, 23, 23, 23, 24, 25, 22, 23, 23, 23, 23, 24, 25, 22, 23, 23, 23, 23, 24, 26, 151, 152, 25, 22, 23, 24, 25, 65 },
        { 77, 31, 32, 33, 34, 39, 28, 29, 31, 32, 33, 33, 33, 33, 34, 35, 32, 33, 33, 33, 33, 34, 35, 32, 33, 33, 33, 33, 34, 39, 28, 29, 31, 32, 33, 34, 39, 64 },
        { 20, 40, 41, 10, 42, 50, 28, 55, 54, 49, 11, 12, 9, 10, 42, 43, 41, 10, 10, 10, 10, 42, 43, 41, 10, 11, 12, 9, 44, 56, 57, 29, 40, 41, 10, 42, 50, 30 },
        { 20, 21, 22, 23, 24, 26, 64, 59, 60, 62, 63, 25, 65, 66, 67, 68, 69, 70, 70, 70, 70, 71, 68, 72, 73, 63, 25, 65, 74, 75, 76, 77, 21, 22, 23, 24, 26, 30 },
        { 20, 31, 32, 33, 34, 39, 30, 0, 0, 0, 77, 78, 28, 79, 80, 81, 49, 11, 82, 83, 9, 44, 84, 85, 86, 29, 78, 64, 0, 0, 0, 20, 31, 32, 33, 34, 39, 30 },
        { 20, 40, 41, 10, 42, 50, 88, 0, 0, 0, 87, 78, 28, 29, 21, 89, 90, 71, 91, 92, 69, 93, 94, 26, 28, 29, 78, 88, 0, 0, 0, 87, 40, 41, 10, 42, 50, 30 },
        { 20, 21, 65, 153, 63, 138, 97, 98, 3, 95, 96, 35, 37, 38, 39, 99, 100, 101, 102, 103, 104, 105, 106, 31, 37, 38, 35, 97, 98, 3, 95, 96, 139, 65, 153, 63, 26, 30 },
        { 20, 78, 154, 0, 155, 40, 41, 10, 10, 10, 42, 43, 41, 42, 50, 27, 107, 0, 0, 0, 0, 108, 27, 40, 41, 42, 43, 41, 10, 10, 10, 42, 50, 154, 0, 155, 78, 30 },
        { 20, 31, 97, 156, 96, 139, 65, 74, 61, 62, 63, 25, 51, 52, 26, 109, 110, 111, 111, 111, 111, 112, 113, 21, 51, 52, 25, 65, 74, 61, 62, 63, 138, 97, 156, 96, 39, 30 },
        { 20, 40, 41, 10, 42, 50, 64, 0, 0, 0, 77, 78, 28, 29, 31, 114, 115, 70, 70, 70, 70, 116, 117, 39, 28, 29, 78, 64, 0, 0, 0, 77, 40, 41, 10, 42, 50, 30 },
        { 20, 21, 22, 23, 24, 26, 88, 0, 0, 0, 87, 78, 28, 118, 119, 120, 9, 10, 10, 10, 10, 11, 121, 122, 123, 29, 78, 88, 0, 0, 0, 87, 21, 22, 23, 24, 26, 30 },
        { 20, 31, 32, 33, 34, 35, 97, 98, 3, 95, 96, 35, 97, 124, 125, 68, 69, 70, 70, 70, 70, 71, 68, 126, 127, 96, 35, 97, 98, 3, 95, 96, 35, 32, 33, 34, 39, 30 },
        { 20, 40, 41, 10, 44, 84, 120, 157, 12, 9, 44, 45, 49, 11, 121, 158, 120, 9, 10, 10, 11, 121, 158, 120, 9, 44, 45, 49, 11, 12, 157, 121, 81, 49, 10, 42, 50, 30 },
        { 87, 21, 22, 23, 23, 24, 25, 159, 25, 22, 153, 23, 23, 24, 25, 159, 25, 22, 23, 23, 24, 25, 159, 25, 22, 23, 23, 153, 24, 25, 159, 25, 22, 23, 23, 24, 26, 88 },
        { 96, 35, 32, 33, 33, 34, 35, 36, 35, 160, 161, 162, 33, 34, 35, 36, 35, 32, 33, 33, 34, 35, 36, 35, 32, 33, 163, 164, 165, 35, 36, 35, 32, 33, 33, 34, 35, 97 },
        { 42, 43, 41, 10, 11, 121, 81, 46, 84, 166, 14, 15, 9, 44, 45, 167, 43, 41, 10, 10, 42, 43, 168, 45, 49, 11, 13, 14, 169, 81, 46, 84, 120, 9, 10, 42, 43, 41 },
        { 63, 25, 22, 23, 24, 25, 22, 23, 24, 26, 27, 21, 22, 23, 23, 24, 25, 22, 23, 23, 24, 25, 22, 23, 23, 24, 26, 27, 21, 22, 23, 24, 25, 22, 23, 24, 25, 65 },
        { 77, 31, 32, 33, 34, 35, 32, 33, 34, 35, 36, 35, 32, 33, 33, 34, 35, 32, 33, 33, 34, 35, 32, 33, 33, 34, 35, 36, 35, 32, 33, 34, 35, 32, 33, 34, 39, 64 },
        { 20, 40, 41, 10, 44, 45, 49, 11, 121, 81, 46, 84, 120, 9, 10, 44, 84, 120, 9, 11, 121, 81, 49, 10, 11, 121, 81, 46, 84, 120, 9, 44, 45, 49, 10, 42, 50, 30 },
        { 20, 136, 69, 70, 70, 70, 70, 71, 68, 69, 70, 71, 68, 69, 70, 70, 71, 68, 69, 71, 68, 69, 70, 70, 71, 68, 69, 70, 71, 68, 69, 70, 70, 70, 70, 71, 137, 30 },
        { 53, 54, 49, 10, 10, 10, 10, 44, 45, 49, 10, 44, 45, 49, 10, 10, 44, 45, 49, 44, 45, 49, 10, 10, 44, 45, 49, 10, 44, 45, 49, 10, 10, 10, 10, 44, 56, 58 },
        { 59, 60, 61, 61, 61, 61, 61, 61, 61, 61, 61, 61, 61, 61, 61, 61, 61, 61, 61, 61, 61, 61, 61, 61, 61, 61, 61, 61, 61, 61, 61, 61, 61, 61, 61, 61, 75, 76 },
    },
    {
        { 1, 2, 3, 3, 4, 5, 2, 3, 3, 3, 3, 4, 5, 2, 3, 3, 3, 4, 6, 1, 2, 3, 3, 3, 4, 5, 2, 3, 3, 3, 3, 4, 5, 2, 3, 3, 4, 6 },
        { 7, 8, 9, 11, 13, 14, 15, 9, 10, 10, 11, 13, 14, 15, 9, 10, 11, 16, 17, 18, 8, 9, 10, 11, 13, 14, 15, 9, 10, 10, 11, 13, 14, 15, 9, 11, 16, 19 },
        { 20, 21, 51, 52, 26, 27, 21, 65, 74, 62, 63, 26, 27, 21, 65, 153, 63, 26, 28, 29, 21, 65, 153, 63, 26, 27, 21, 65, 74, 62, 63, 26, 27, 21, 51, 52, 26, 30 },
        { 20, 78, 28, 29, 78, 27, 78, 154, 0, 0, 155, 78, 27, 78, 154, 0, 155, 78, 28, 29, 78, 154, 0, 155, 78, 27, 78, 154, 0, 0, 155, 78, 27, 78, 28, 29, 78, 30 },
        { 20, 31, 37, 38, 35, 36, 35, 97, 98, 95, 96, 35, 36, 35, 97, 156, 96, 35, 37, 38, 35, 97, 156, 96, 35, 36, 35, 97, 98, 95, 96, 35, 36, 35, 37, 38, 39, 30 },
        { 53, 54, 47, 121, 81, 46, 45, 47, 12, 9, 42, 43, 168, 45, 47, 12, 48, 45, 49, 44, 45, 47, 12, 48, 45, 167, 43, 41, 11, 12, 48, 45, 46, 84, 120, 48, 56, 58 },
        { 59, 132, 24, 25, 22, 23, 23, 24, 25, 128, 129, 25, 65, 153, 63, 25, 65, 74, 61, 61, 62, 63, 25, 65, 153, 63, 25, 128, 129, 25, 22, 23, 23, 24, 25, 22, 133, 76 },
        { 1, 134, 34, 35, 32, 33, 33, 34, 35, 130, 131, 39, 64, 0, 170, 78, 154, 0, 0, 0, 0, 155, 78, 171, 0, 77, 31, 130, 131, 35, 32, 33, 33, 34, 35, 32, 135, 6 },
        { 7, 8, 48, 45, 47, 12, 9, 44, 84, 120, 172, 50, 88, 173, 174, 35, 97, 98, 3, 3, 95, 96, 35, 175, 176, 87, 40, 177, 121, 81, 49, 11, 12, 48, 45, 47, 16, 19 },
        { 20, 21, 65, 153, 63, 25, 65, 153, 63, 25, 159, 26, 28, 178, 169, 81, 49, 11, 82, 83, 9, 44, 84, 166, 179, 29, 21, 159, 25, 65, 153, 63, 25, 65, 153, 63, 26, 30 },
        { 87, 78, 154, 0, 155, 78, 154, 0, 155, 78, 27, 78, 28, 29, 21, 89, 90, 71, 91, 92, 69, 93, 94, 26, 28, 29, 78, 27, 78, 154, 0, 155, 78, 154, 0, 155, 78, 88 },
        { 96, 35, 97, 156, 96, 35, 97, 156, 96, 35, 36, 35, 37, 38, 39, 99, 100, 101, 102, 103, 104, 105, 106, 31, 37, 38, 35, 36, 35, 97, 156, 96, 35, 97, 156, 96, 35, 97 },
        { 42, 43, 41, 10, 42, 43, 41, 10, 42, 43, 141, 43, 41, 42, 50, 27, 107, 0, 0, 0, 0, 108, 27, 40, 41, 42, 43, 141, 43, 41, 10, 42, 43, 41, 10, 42, 43, 41 },
        { 63, 25, 65, 153, 63, 25, 65, 153, 63, 25, 159, 25, 51, 52, 26, 109, 110, 111, 111, 111, 111, 112, 113, 21, 51, 52, 25, 159, 25, 65, 153, 63, 25, 65, 153, 63, 25, 65 },
        { 77, 78, 64, 0, 77, 78, 64, 0, 77, 78, 27, 78, 28, 29, 31, 114, 115, 70, 70, 70, 70, 116, 117, 39, 28, 29, 78, 27, 78, 64, 0, 77, 78, 64, 0, 77, 78, 64 },
        { 20, 78, 88, 0, 87, 78, 88, 0, 87, 78, 27, 78, 28, 118, 119, 120, 9, 10, 10, 10, 10, 11, 121, 122, 123, 29, 78, 27, 78, 88, 0, 87, 78, 88, 0, 87, 78, 30 },
        { 20, 31, 97, 156, 96, 35, 97, 156, 96, 35, 36, 35, 97, 124, 125, 68, 69, 70, 70, 70, 70, 71, 68, 126, 127, 96, 35, 36, 35, 97, 156, 96, 35, 97, 156, 96, 39, 30 },
        { 20, 40, 41, 11, 121, 81, 49, 10, 42, 43, 141, 43, 41, 10, 44, 84, 120, 9, 10, 10, 11, 121, 81, 49, 10, 42, 43, 141, 43, 41, 10, 44, 84, 120, 9, 42, 50, 30 },
        { 20, 21, 128, 129, 25, 22, 23, 23, 24, 25, 159, 25, 22, 23, 23, 24, 25, 22, 23, 23, 24, 25, 22, 23, 23, 24, 25, 159, 25, 22, 23, 23, 24, 25, 128, 129, 26, 30 },
        { 20, 31, 130, 131, 35, 32, 33, 33, 34, 35, 36, 35, 32, 33, 33, 34, 35, 32, 33, 33, 34, 35, 32, 33, 33, 34, 35, 36, 35, 32, 33, 33, 34, 35, 130, 131, 39, 30 },
        { 53, 54, 47, 121, 158, 120, 9, 11, 121, 81, 46, 45, 47, 12, 9, 42, 43, 41, 10, 10, 42, 43, 41, 11, 12, 48, 45, 46, 84, 120, 9, 11, 121, 158, 120, 48, 56, 58 },
        { 59, 132, 24, 25, 159, 25, 128, 129, 25, 22, 23, 23, 24, 25, 128, 129, 25, 22, 23, 23, 24, 25, 128, 129, 25, 22, 23, 23, 24, 25, 128, 129, 25, 159, 25, 22, 133, 76 },
        { 1, 134, 34, 39, 27, 31, 130, 131, 35, 32, 33, 33, 34, 35, 130, 131, 35, 32, 33, 33, 34, 35, 130, 131, 35, 32, 33, 33, 34, 35, 130, 131, 39, 27, 31, 32, 135, 6 },
        { 7, 8, 48, 180, 181, 182, 47, 121, 81, 49, 10, 11, 121, 81, 49, 44, 84, 120, 9, 11, 121, 81, 49, 44, 84, 120, 9, 10, 44, 84, 120, 48, 180, 181, 182, 47, 16, 19 },
        { 20, 136, 69, 183, 184, 185, 71, 68, 69, 70, 70, 71, 68, 69, 70, 70, 71, 68, 69, 71, 68, 69, 70, 70, 71, 68, 69, 70, 70, 71, 68, 69, 183, 184, 185, 71, 137, 30 },
        { 53, 54, 49, 10, 10, 10, 44, 45, 49, 10, 10, 44, 45, 49, 10, 10, 44, 45, 49, 44, 45, 49, 10, 10, 44, 45, 49, 10, 10, 44, 45, 49, 10, 10, 10, 44, 56, 58 },
        { 59, 60, 61, 61, 61, 61, 61, 61, 61, 61, 61, 61, 61, 61, 61, 61, 61, 61, 61, 61, 61, 61, 61, 61, 61, 61, 61, 61, 61, 61, 61, 61, 61, 61, 61, 61, 75, 76 },
    },
};

// the half-size walls: 132 tiles, 4x4
const uint8_t PAC_MINI_TILES[132][8] = {
    { 0x00, 0x00, 0x00, 0x00, 0x00, 0x00, 0x00, 0x00 },
    { 0x00, 0x01, 0x01, 0x23, 0x02, 0x46, 0x13, 0x6f },
    { 0x11, 0x11, 0x33, 0x33, 0x9a, 0xaa, 0xf8, 0x54 },
    { 0x11, 0x11, 0x33, 0x33, 0xaa, 0xaa, 0x44, 0x44 },
    { 0x11, 0x11, 0x33, 0x33, 0xaa, 0xa9, 0x45, 0x8f },
    { 0x10, 0x01, 0x32, 0x23, 0x64, 0x46, 0xf7, 0x7f },
    { 0x10, 0x00, 0x32, 0x10, 0x64, 0x20, 0xf6, 0x31 },
    { 0x13, 0x9f, 0x13, 0xa8, 0x13, 0xa5, 0x13, 0xa4 },
    { 0x64, 0x32, 0x42, 0x11, 0x31, 0x00, 0x21, 0x01 },
    { 0x22, 0x22, 0x00, 0x00, 0x01, 0x11, 0x22, 0x22 },
    { 0x22, 0x22, 0x00, 0x00, 0x00, 0x00, 0x22, 0x22 },
    { 0x22, 0x22, 0x00, 0x00, 0x11, 0x10, 0x22, 0x22 },
    { 0x22, 0x22, 0x00, 0x00, 0x00, 0x00, 0x10, 0x01 },
    { 0x23, 0x47, 0x11, 0x24, 0x00, 0x13, 0x10, 0x12 },
    { 0xfb, 0xbf, 0x8c, 0xc8, 0x5b, 0xb5, 0x5b, 0xb5 },
    { 0x74, 0x32, 0x42, 0x11, 0x31, 0x00, 0x21, 0x01 },
    { 0x23, 0x46, 0x11, 0x24, 0x00, 0x13, 0x10, 0x12 },
    { 0xf9, 0x31, 0x8a, 0x31, 0x5a, 0x31, 0x4a, 0x31 },
    { 0x13, 0xa4, 0x13, 0xa4, 0x13, 0xa4, 0x13, 0xa4 },
    { 0x20, 0x02, 0x20, 0x12, 0x20, 0x12, 0x20, 0x12 },
    { 0x45, 0x54, 0x5f, 0xba, 0x5b, 0x54, 0x4a, 0x42 },
    { 0x44, 0x44, 0xaa, 0xaa, 0x33, 0x33, 0x11, 0x11 },
    { 0x45, 0x54, 0xab, 0xf5, 0x45, 0xb5, 0x24, 0xa4 },
    { 0x20, 0x02, 0x21, 0x12, 0x21, 0x12, 0x21, 0x12 },
    { 0x20, 0x02, 0x21, 0x02, 0x21, 0x02, 0x21, 0x02 },
    { 0x5b, 0xb5, 0x5b, 0xb5, 0x5b, 0xb5, 0x5b, 0xb5 },
    { 0x4a, 0x31, 0x4a, 0x31, 0x4a, 0x31, 0x4a, 0x31 },
    { 0x20, 0x12, 0x20, 0x12, 0x20, 0x12, 0x20, 0x02 },
    { 0x4a, 0x42, 0x5b, 0x54, 0x5f, 0xba, 0x45, 0x54 },
    { 0x24, 0xa4, 0x45, 0xb5, 0xab, 0xf5, 0x45, 0x54 },
    { 0x21, 0x12, 0x21, 0x12, 0x21, 0x12, 0x20, 0x02 },
    { 0x5b, 0xb5, 0x6d, 0xd6, 0x6f, 0xf6, 0x46, 0x64 },
    { 0x21, 0x02, 0x21, 0x02, 0x21, 0x02, 0x20, 0x02 },
    { 0x20, 0x01, 0x20, 0x00, 0x20, 0x00, 0x20, 0x01 },
    { 0x22, 0x22, 0x01, 0x11, 0x01, 0x11, 0x22, 0x22 },
    { 0x22, 0x22, 0x11, 0x10, 0x11, 0x10, 0x22, 0x22 },
    { 0x10, 0x01, 0x00, 0x00, 0x00, 0x00, 0x10, 0x01 },
    { 0x22, 0x22, 0x11, 0x10, 0x00, 0x00, 0x22, 0x22 },
    { 0x10, 0x01, 0x00, 0x00, 0x00, 0x00, 0x22, 0x22 },
    { 0x23, 0x32, 0x01, 0x10, 0x00, 0x00, 0x22, 0x22 },
    { 0x22, 0x22, 0x01, 0x11, 0x11, 0x10, 0x22, 0x22 },
    { 0x22, 0x22, 0x11, 0x10, 0x01, 0x11, 0x22, 0x22 },
    { 0x22, 0x22, 0x01, 0x11, 0x00, 0x00, 0x22, 0x22 },
    { 0x10, 0x02, 0x00, 0x02, 0x00, 0x02, 0x10, 0x02 },
    { 0x13, 0xa4, 0x13, 0xa5, 0x13, 0xa8, 0x13, 0x9f },
    { 0x21, 0x01, 0x31, 0x00, 0x42, 0x11, 0x64, 0x32 },
    { 0x10, 0x12, 0x00, 0x13, 0x11, 0x24, 0x23, 0x46 },
    { 0x4a, 0x31, 0x5a, 0x31, 0x8a, 0x31, 0xf9, 0x31 },
    { 0x13, 0x6f, 0x02, 0x46, 0x01, 0x23, 0x00, 0x01 },
    { 0xf8, 0x54, 0x9a, 0xaa, 0x33, 0x33, 0x11, 0x11 },
    { 0x44, 0x44, 0xaa, 0xab, 0x34, 0x58, 0x13, 0x6f },
    { 0x56, 0x64, 0xbd, 0xf6, 0xbe, 0xf6, 0xf9, 0x64 },
    { 0x20, 0x02, 0x31, 0x13, 0x31, 0x13, 0x20, 0x02 },
    { 0x46, 0x65, 0x6f, 0xdb, 0x6f, 0xdb, 0x46, 0x65 },
    { 0x55, 0x55, 0xbb, 0xbb, 0xbb, 0xbb, 0x55, 0x55 },
    { 0x56, 0x64, 0xbd, 0xf6, 0xbd, 0xf6, 0x56, 0x64 },
    { 0x46, 0x65, 0x6f, 0xdb, 0x6f, 0xeb, 0x46, 0x9f },
    { 0x44, 0x44, 0xba, 0xaa, 0x85, 0x43, 0xf6, 0x31 },
    { 0x45, 0x8f, 0xaa, 0xa9, 0x33, 0x33, 0x11, 0x11 },
    { 0xf6, 0x31, 0x64, 0x20, 0x32, 0x10, 0x10, 0x00 },
    { 0x20, 0x02, 0x20, 0x02, 0x20, 0x02, 0x20, 0x02 },
    { 0x75, 0x32, 0x42, 0x10, 0x31, 0x00, 0x21, 0x01 },
    { 0x10, 0x01, 0x00, 0x00, 0x01, 0x11, 0x22, 0x22 },
    { 0x22, 0x22, 0x00, 0x00, 0x00, 0x00, 0x10, 0x00 },
    { 0x22, 0x22, 0x00, 0x00, 0x00, 0x00, 0x00, 0x01 },
    { 0x10, 0x01, 0x00, 0x00, 0x11, 0x10, 0x22, 0x22 },
    { 0x23, 0x57, 0x01, 0x24, 0x00, 0x13, 0x10, 0x12 },
    { 0x45, 0x55, 0x5f, 0xcb, 0x5c, 0x78, 0x5b, 0x8f },
    { 0x55, 0x55, 0xbb, 0xbb, 0xbc, 0xbb, 0xf9, 0x55 },
    { 0x20, 0x00, 0x31, 0x00, 0x31, 0x00, 0x20, 0x00 },
    { 0x00, 0x02, 0x00, 0x13, 0x00, 0x13, 0x00, 0x02 },
    { 0x55, 0x55, 0xbb, 0xbb, 0xbb, 0xcb, 0x55, 0x9f },
    { 0x55, 0x54, 0xbc, 0xf5, 0x87, 0xc5, 0xf8, 0xb5 },
    { 0x5b, 0xbf, 0x5b, 0xc9, 0x5b, 0xb5, 0x5b, 0xb5 },
    { 0x74, 0x32, 0x42, 0x11, 0x31, 0x00, 0x21, 0x00 },
    { 0x22, 0x22, 0x11, 0x10, 0x00, 0x00, 0x00, 0x00 },
    { 0x10, 0x00, 0x00, 0x00, 0x00, 0x00, 0x00, 0x00 },
    { 0x00, 0x01, 0x00, 0x00, 0x00, 0x00, 0x00, 0x00 },
    { 0x22, 0x22, 0x01, 0x11, 0x00, 0x00, 0x00, 0x00 },
    { 0x23, 0x47, 0x11, 0x24, 0x00, 0x13, 0x00, 0x12 },
    { 0xfb, 0xb5, 0x9c, 0xb5, 0x5b, 0xb5, 0x5b, 0xb5 },
    { 0x20, 0x00, 0x20, 0x00, 0x20, 0x00, 0x20, 0x00 },
    { 0x00, 0x02, 0x00, 0x02, 0x00, 0x02, 0x00, 0x02 },
    { 0x5b, 0xb5, 0x5b, 0xb5, 0x5b, 0xc9, 0x5b, 0xbf },
    { 0x21, 0x00, 0x31, 0x00, 0x42, 0x11, 0x74, 0x32 },
    { 0x00, 0x00, 0x00, 0x00, 0x00, 0x00, 0x22, 0x22 },
    { 0x00, 0x12, 0x00, 0x13, 0x11, 0x24, 0x23, 0x47 },
    { 0x5b, 0xb5, 0x5b, 0xb5, 0x9c, 0xb5, 0xfb, 0xb5 },
    { 0x5b, 0x8f, 0x5c, 0x78, 0x5f, 0xcb, 0x45, 0x55 },
    { 0xf9, 0x55, 0xbc, 0xbb, 0xbb, 0xbb, 0x55, 0x55 },
    { 0x55, 0x9f, 0xbb, 0xcb, 0xbb, 0xbb, 0x55, 0x55 },
    { 0xf8, 0xb5, 0x87, 0xc5, 0xbc, 0xf5, 0x55, 0x54 },
    { 0x21, 0x01, 0x31, 0x00, 0x42, 0x10, 0x75, 0x32 },
    { 0x22, 0x22, 0x01, 0x11, 0x00, 0x00, 0x10, 0x01 },
    { 0x22, 0x22, 0x11, 0x10, 0x00, 0x00, 0x10, 0x01 },
    { 0x10, 0x12, 0x00, 0x13, 0x01, 0x24, 0x23, 0x57 },
    { 0x13, 0x6f, 0x34, 0x58, 0xaa, 0xab, 0x44, 0x44 },
    { 0xf9, 0x64, 0xbe, 0xf6, 0xbd, 0xf6, 0x56, 0x64 },
    { 0x46, 0x9f, 0x6f, 0xeb, 0x6f, 0xdb, 0x46, 0x65 },
    { 0xf6, 0x31, 0x85, 0x43, 0xba, 0xaa, 0x44, 0x44 },
    { 0x20, 0x02, 0x20, 0x13, 0x20, 0x13, 0x20, 0x02 },
    { 0x20, 0x02, 0x31, 0x02, 0x31, 0x02, 0x20, 0x02 },
    { 0x20, 0x12, 0x21, 0x12, 0x21, 0x12, 0x21, 0x02 },
    { 0x21, 0x02, 0x21, 0x12, 0x21, 0x12, 0x20, 0x12 },
    { 0x21, 0x01, 0x21, 0x00, 0x21, 0x00, 0x20, 0x01 },
    { 0x23, 0x32, 0x01, 0x10, 0x01, 0x10, 0x23, 0x32 },
    { 0x10, 0x12, 0x00, 0x12, 0x00, 0x12, 0x10, 0x02 },
    { 0x10, 0x02, 0x00, 0x13, 0x01, 0x25, 0x23, 0x47 },
    { 0x46, 0x64, 0x6f, 0xf6, 0x9e, 0xd6, 0xfb, 0xb5 },
    { 0x20, 0x01, 0x21, 0x00, 0x21, 0x00, 0x21, 0x01 },
    { 0x10, 0x02, 0x00, 0x12, 0x00, 0x12, 0x10, 0x12 },
    { 0x46, 0x64, 0x6f, 0xf6, 0x6d, 0xe9, 0x5b, 0xbf },
    { 0x20, 0x01, 0x31, 0x00, 0x52, 0x10, 0x74, 0x32 },
    { 0x46, 0x9f, 0x5f, 0xca, 0x5b, 0x64, 0x4a, 0x42 },
    { 0xf8, 0xb4, 0x65, 0xa4, 0x34, 0xa4, 0x13, 0xa4 },
    { 0x4b, 0x8f, 0x4a, 0x56, 0x4a, 0x43, 0x4a, 0x31 },
    { 0xf9, 0x64, 0xac, 0xf5, 0x46, 0xb5, 0x24, 0xa4 },
    { 0x22, 0x22, 0x00, 0x00, 0x01, 0x10, 0x23, 0x32 },
    { 0x10, 0x01, 0x00, 0x00, 0x01, 0x10, 0x23, 0x32 },
    { 0x46, 0x64, 0x6f, 0xf6, 0x6d, 0xd6, 0x5b, 0xb5 },
    { 0x4a, 0x42, 0x5b, 0x64, 0x5f, 0xca, 0x46, 0x9f },
    { 0x24, 0xa4, 0x46, 0xb5, 0xac, 0xf5, 0xf9, 0x64 },
    { 0x23, 0x47, 0x01, 0x24, 0x00, 0x13, 0x10, 0x12 },
    { 0x23, 0x32, 0x01, 0x10, 0x11, 0x10, 0x22, 0x22 },
    { 0x23, 0x32, 0x01, 0x10, 0x01, 0x11, 0x22, 0x22 },
    { 0x74, 0x32, 0x42, 0x10, 0x31, 0x00, 0x21, 0x01 },
    { 0x22, 0x22, 0x11, 0x10, 0x01, 0x10, 0x23, 0x32 },
    { 0x22, 0x22, 0x01, 0x11, 0x01, 0x10, 0x23, 0x32 },
    { 0x10, 0x12, 0x00, 0x13, 0x11, 0x24, 0x23, 0x47 },
    { 0x5b, 0xb5, 0x5b, 0xb5, 0x8c, 0xc8, 0xfb, 0xbf },
    { 0x21, 0x01, 0x31, 0x00, 0x42, 0x11, 0x74, 0x32 },
    { 0xf8, 0x8f, 0x86, 0x68, 0xba, 0xab, 0x44, 0x44 },
};

const uint8_t PAC_MINI_MAP[PAC_MAZES][PM_H][PM_W] = {
    {
        { 1, 2, 3, 3, 3, 3, 3, 3, 3, 3, 3, 4, 5, 2, 3, 3, 3, 4, 6, 1, 2, 3, 3, 3, 4, 5, 2, 3, 3, 3, 3, 3, 3, 3, 3, 3, 4, 6 },
        { 7, 8, 9, 10, 11, 12, 9, 10, 10, 10, 11, 13, 14, 15, 9, 10, 11, 16, 17, 7, 8, 9, 10, 11, 13, 14, 15, 9, 10, 10, 10, 11, 12, 9, 10, 11, 16, 17 },
        { 18, 19, 20, 21, 22, 23, 20, 21, 21, 21, 22, 24, 25, 19, 20, 21, 22, 24, 26, 18, 19, 20, 21, 22, 24, 25, 19, 20, 21, 21, 21, 22, 23, 20, 21, 22, 24, 26 },
        { 18, 27, 28, 3, 29, 30, 28, 3, 3, 3, 29, 30, 31, 30, 28, 3, 29, 30, 28, 29, 30, 28, 3, 29, 30, 31, 30, 28, 3, 3, 3, 29, 30, 28, 3, 29, 32, 26 },
        { 18, 33, 34, 10, 35, 36, 34, 11, 12, 9, 37, 38, 39, 38, 40, 12, 41, 38, 42, 37, 38, 40, 12, 41, 38, 39, 38, 42, 11, 12, 9, 35, 36, 34, 10, 35, 43, 26 },
        { 18, 19, 20, 21, 22, 23, 20, 22, 23, 20, 21, 21, 21, 21, 22, 23, 20, 21, 21, 21, 21, 22, 23, 20, 21, 21, 21, 21, 22, 23, 20, 22, 23, 20, 21, 22, 24, 26 },
        { 18, 27, 28, 3, 29, 32, 26, 18, 27, 28, 3, 3, 3, 3, 29, 30, 28, 3, 3, 3, 3, 29, 30, 28, 3, 3, 3, 3, 29, 32, 26, 18, 27, 28, 3, 29, 32, 26 },
        { 44, 45, 42, 10, 35, 43, 26, 44, 45, 42, 11, 12, 9, 10, 35, 36, 34, 10, 10, 10, 10, 35, 36, 34, 10, 11, 12, 9, 37, 46, 47, 18, 33, 34, 10, 37, 46, 47 },
        { 48, 49, 21, 21, 22, 24, 26, 48, 49, 21, 22, 23, 20, 50, 51, 52, 53, 54, 54, 54, 54, 55, 52, 56, 57, 22, 23, 20, 21, 58, 59, 18, 19, 20, 21, 21, 58, 59 },
        { 0, 0, 0, 0, 18, 60, 26, 0, 0, 0, 18, 60, 26, 7, 61, 62, 42, 11, 63, 64, 9, 37, 65, 66, 17, 18, 60, 26, 0, 0, 0, 18, 60, 26, 0, 0, 0, 0 },
        { 0, 0, 0, 0, 18, 60, 26, 0, 0, 0, 18, 60, 26, 18, 19, 67, 68, 55, 69, 70, 53, 71, 72, 24, 26, 18, 60, 26, 0, 0, 0, 18, 60, 26, 0, 0, 0, 0 },
        { 3, 3, 3, 3, 29, 30, 28, 3, 3, 3, 29, 30, 28, 29, 32, 73, 74, 75, 76, 77, 78, 79, 80, 27, 28, 29, 30, 28, 3, 3, 3, 29, 30, 28, 3, 3, 3, 3 },
        { 10, 10, 10, 10, 35, 36, 34, 10, 10, 10, 35, 36, 34, 35, 43, 25, 81, 0, 0, 0, 0, 82, 25, 33, 34, 35, 36, 34, 10, 10, 10, 35, 36, 34, 10, 10, 10, 10 },
        { 21, 21, 21, 21, 22, 23, 20, 21, 21, 21, 22, 23, 20, 22, 24, 83, 84, 85, 85, 85, 85, 86, 87, 19, 20, 22, 23, 20, 21, 21, 21, 22, 23, 20, 21, 21, 21, 21 },
        { 0, 0, 0, 0, 18, 60, 26, 0, 0, 0, 18, 60, 26, 18, 27, 88, 89, 54, 54, 54, 54, 90, 91, 32, 26, 18, 60, 26, 0, 0, 0, 18, 60, 26, 0, 0, 0, 0 },
        { 0, 0, 0, 0, 18, 60, 26, 0, 0, 0, 18, 60, 26, 44, 92, 93, 9, 10, 10, 10, 10, 11, 94, 95, 47, 18, 60, 26, 0, 0, 0, 18, 60, 26, 0, 0, 0, 0 },
        { 1, 2, 3, 3, 29, 30, 28, 3, 3, 3, 29, 30, 28, 96, 97, 52, 53, 54, 54, 54, 54, 55, 52, 98, 99, 29, 30, 28, 3, 3, 3, 29, 30, 28, 3, 3, 4, 6 },
        { 7, 8, 9, 10, 35, 36, 34, 11, 12, 9, 37, 38, 42, 10, 35, 36, 34, 10, 10, 10, 10, 35, 36, 34, 10, 37, 38, 42, 11, 12, 9, 35, 36, 34, 10, 11, 16, 17 },
        { 18, 19, 20, 21, 22, 23, 20, 22, 23, 20, 21, 21, 21, 21, 22, 23, 20, 21, 21, 21, 21, 22, 23, 20, 21, 21, 21, 21, 22, 23, 20, 22, 23, 20, 21, 22, 24, 26 },
        { 18, 27, 28, 3, 29, 30, 28, 29, 30, 28, 3, 3, 3, 3, 29, 30, 28, 3, 3, 3, 3, 29, 30, 28, 3, 3, 3, 3, 29, 30, 28, 29, 30, 28, 3, 29, 32, 26 },
        { 44, 45, 40, 12, 41, 38, 40, 94, 62, 42, 10, 11, 12, 9, 37, 65, 93, 9, 10, 10, 11, 94, 62, 42, 11, 12, 9, 10, 37, 65, 93, 41, 38, 40, 12, 41, 46, 47 },
        { 48, 49, 22, 23, 20, 21, 22, 23, 20, 21, 21, 22, 23, 20, 21, 22, 23, 20, 21, 21, 22, 23, 20, 21, 22, 23, 20, 21, 21, 22, 23, 20, 21, 22, 23, 20, 58, 59 },
        { 1, 2, 29, 30, 28, 3, 29, 30, 28, 3, 3, 29, 30, 28, 3, 29, 30, 28, 3, 3, 29, 30, 28, 3, 29, 30, 28, 3, 3, 29, 30, 28, 3, 29, 30, 28, 4, 6 },
        { 7, 8, 41, 38, 42, 10, 37, 65, 93, 9, 10, 35, 36, 34, 10, 37, 65, 93, 9, 11, 94, 62, 42, 10, 35, 36, 34, 10, 11, 94, 62, 42, 10, 37, 38, 40, 16, 17 },
        { 18, 100, 53, 54, 54, 54, 54, 55, 52, 53, 54, 55, 52, 53, 54, 54, 55, 52, 53, 55, 52, 53, 54, 54, 55, 52, 53, 54, 55, 52, 53, 54, 54, 54, 54, 55, 101, 26 },
        { 44, 45, 42, 10, 10, 10, 10, 37, 38, 42, 10, 37, 38, 42, 10, 10, 37, 38, 42, 37, 38, 42, 10, 10, 37, 38, 42, 10, 37, 38, 42, 10, 10, 10, 10, 37, 46, 47 },
        { 48, 49, 21, 21, 21, 21, 21, 21, 21, 21, 21, 21, 21, 21, 21, 21, 21, 21, 21, 21, 21, 21, 21, 21, 21, 21, 21, 21, 21, 21, 21, 21, 21, 21, 21, 21, 58, 59 },
    },
    {
        { 1, 2, 3, 3, 3, 3, 4, 5, 2, 3, 3, 3, 3, 3, 3, 3, 3, 4, 6, 1, 2, 3, 3, 3, 3, 3, 3, 3, 3, 4, 5, 2, 3, 3, 3, 3, 4, 6 },
        { 7, 8, 9, 10, 10, 11, 13, 14, 15, 9, 10, 10, 10, 10, 10, 10, 11, 16, 17, 7, 8, 9, 10, 10, 10, 10, 10, 10, 11, 13, 14, 15, 9, 10, 10, 11, 16, 17 },
        { 18, 19, 20, 21, 21, 22, 102, 31, 103, 20, 21, 21, 21, 21, 21, 21, 22, 24, 26, 18, 19, 20, 21, 21, 21, 21, 21, 21, 22, 102, 31, 103, 20, 21, 21, 22, 24, 26 },
        { 29, 30, 28, 3, 3, 29, 104, 105, 106, 28, 3, 3, 3, 3, 3, 3, 29, 30, 28, 29, 30, 28, 3, 3, 3, 3, 3, 3, 29, 104, 105, 106, 28, 3, 3, 29, 30, 28 },
        { 35, 36, 34, 10, 11, 94, 107, 108, 109, 34, 10, 10, 10, 10, 11, 12, 41, 38, 42, 37, 38, 40, 12, 9, 10, 10, 10, 10, 35, 110, 111, 112, 93, 9, 10, 35, 36, 34 },
        { 22, 23, 20, 21, 22, 23, 113, 114, 19, 20, 21, 21, 21, 21, 22, 23, 20, 21, 21, 21, 21, 22, 23, 20, 21, 21, 21, 21, 22, 24, 115, 116, 23, 20, 21, 22, 23, 20 },
        { 18, 27, 28, 3, 29, 32, 26, 18, 27, 28, 3, 3, 3, 3, 29, 30, 28, 3, 3, 3, 3, 29, 30, 28, 3, 3, 3, 3, 29, 32, 26, 18, 27, 28, 3, 29, 32, 26 },
        { 18, 33, 34, 10, 35, 43, 26, 44, 45, 42, 11, 12, 9, 10, 35, 36, 34, 10, 10, 10, 10, 35, 36, 34, 10, 11, 12, 9, 37, 46, 47, 18, 33, 34, 10, 35, 43, 26 },
        { 18, 19, 20, 21, 22, 24, 26, 48, 49, 21, 22, 23, 20, 50, 51, 52, 53, 54, 54, 54, 54, 55, 52, 56, 57, 22, 23, 20, 21, 58, 59, 18, 19, 20, 21, 22, 24, 26 },
        { 18, 27, 28, 3, 29, 32, 26, 0, 0, 0, 18, 60, 26, 7, 61, 62, 42, 11, 63, 64, 9, 37, 65, 66, 17, 18, 60, 26, 0, 0, 0, 18, 27, 28, 3, 29, 32, 26 },
        { 18, 33, 34, 10, 35, 43, 26, 0, 0, 0, 18, 60, 26, 18, 19, 67, 68, 55, 69, 70, 53, 71, 72, 24, 26, 18, 60, 26, 0, 0, 0, 18, 33, 34, 10, 35, 43, 26 },
        { 18, 19, 20, 21, 22, 102, 28, 3, 3, 3, 29, 30, 28, 29, 32, 73, 74, 75, 76, 77, 78, 79, 80, 27, 28, 29, 30, 28, 3, 3, 3, 29, 103, 20, 21, 22, 24, 26 },
        { 18, 60, 26, 0, 18, 33, 34, 10, 10, 10, 35, 36, 34, 35, 43, 25, 81, 0, 0, 0, 0, 82, 25, 33, 34, 35, 36, 34, 10, 10, 10, 35, 43, 26, 0, 18, 60, 26 },
        { 18, 27, 28, 3, 29, 103, 20, 21, 21, 21, 22, 23, 20, 22, 24, 83, 84, 85, 85, 85, 85, 86, 87, 19, 20, 22, 23, 20, 21, 21, 21, 22, 102, 28, 3, 29, 32, 26 },
        { 18, 33, 34, 10, 35, 43, 26, 0, 0, 0, 18, 60, 26, 18, 27, 88, 89, 54, 54, 54, 54, 90, 91, 32, 26, 18, 60, 26, 0, 0, 0, 18, 33, 34, 10, 35, 43, 26 },
        { 18, 19, 20, 21, 22, 24, 26, 0, 0, 0, 18, 60, 26, 44, 92, 93, 9, 10, 10, 10, 10, 11, 94, 95, 47, 18, 60, 26, 0, 0, 0, 18, 19, 20, 21, 22, 24, 26 },
        { 18, 27, 28, 3, 29, 30, 28, 3, 3, 3, 29, 30, 28, 96, 97, 52, 53, 54, 54, 54, 54, 55, 52, 98, 99, 29, 30, 28, 3, 3, 3, 29, 30, 28, 3, 29, 32, 26 },
        { 18, 33, 34, 10, 37, 65, 93, 117, 12, 9, 37, 38, 42, 11, 94, 118, 93, 9, 10, 10, 11, 94, 118, 93, 9, 37, 38, 42, 11, 12, 117, 94, 62, 42, 10, 35, 43, 26 },
        { 18, 19, 20, 21, 21, 22, 23, 119, 23, 20, 21, 21, 21, 22, 23, 119, 23, 20, 21, 21, 22, 23, 119, 23, 20, 21, 21, 21, 22, 23, 119, 23, 20, 21, 21, 22, 24, 26 },
        { 29, 30, 28, 3, 3, 29, 30, 31, 30, 120, 5, 2, 3, 29, 30, 31, 30, 28, 3, 3, 29, 30, 31, 30, 28, 3, 4, 5, 121, 30, 31, 30, 28, 3, 3, 29, 30, 28 },
        { 35, 36, 34, 10, 11, 94, 62, 39, 65, 122, 14, 15, 9, 37, 38, 123, 36, 34, 10, 10, 35, 36, 124, 38, 42, 11, 13, 14, 125, 62, 39, 65, 93, 9, 10, 35, 36, 34 },
        { 22, 23, 20, 21, 22, 23, 20, 21, 22, 24, 25, 19, 20, 21, 21, 22, 23, 20, 21, 21, 22, 23, 20, 21, 21, 22, 24, 25, 19, 20, 21, 22, 23, 20, 21, 22, 23, 20 },
        { 18, 27, 28, 3, 29, 30, 28, 3, 29, 30, 31, 30, 28, 3, 3, 29, 30, 28, 3, 3, 29, 30, 28, 3, 3, 29, 30, 31, 30, 28, 3, 29, 30, 28, 3, 29, 32, 26 },
        { 18, 33, 34, 10, 37, 38, 42, 11, 94, 62, 39, 65, 93, 9, 10, 37, 65, 93, 9, 11, 94, 62, 42, 10, 11, 94, 62, 39, 65, 93, 9, 37, 38, 42, 10, 35, 43, 26 },
        { 18, 100, 53, 54, 54, 54, 54, 55, 52, 53, 54, 55, 52, 53, 54, 54, 55, 52, 53, 55, 52, 53, 54, 54, 55, 52, 53, 54, 55, 52, 53, 54, 54, 54, 54, 55, 101, 26 },
        { 44, 45, 42, 10, 10, 10, 10, 37, 38, 42, 10, 37, 38, 42, 10, 10, 37, 38, 42, 37, 38, 42, 10, 10, 37, 38, 42, 10, 37, 38, 42, 10, 10, 10, 10, 37, 46, 47 },
        { 48, 49, 21, 21, 21, 21, 21, 21, 21, 21, 21, 21, 21, 21, 21, 21, 21, 21, 21, 21, 21, 21, 21, 21, 21, 21, 21, 21, 21, 21, 21, 21, 21, 21, 21, 21, 58, 59 },
    },
    {
        { 1, 2, 3, 3, 4, 5, 2, 3, 3, 3, 3, 4, 5, 2, 3, 3, 3, 4, 6, 1, 2, 3, 3, 3, 4, 5, 2, 3, 3, 3, 3, 4, 5, 2, 3, 3, 4, 6 },
        { 7, 8, 9, 11, 13, 14, 15, 9, 10, 10, 11, 13, 14, 15, 9, 10, 11, 16, 17, 7, 8, 9, 10, 11, 13, 14, 15, 9, 10, 10, 11, 13, 14, 15, 9, 11, 16, 17 },
        { 18, 19, 20, 22, 24, 25, 19, 20, 21, 21, 22, 24, 25, 19, 20, 21, 22, 24, 26, 18, 19, 20, 21, 22, 24, 25, 19, 20, 21, 21, 22, 24, 25, 19, 20, 22, 24, 26 },
        { 18, 60, 26, 18, 60, 25, 60, 26, 0, 0, 18, 60, 25, 60, 26, 0, 18, 60, 26, 18, 60, 26, 0, 18, 60, 25, 60, 26, 0, 0, 18, 60, 25, 60, 26, 18, 60, 26 },
        { 18, 27, 28, 29, 30, 31, 30, 28, 3, 3, 29, 30, 31, 30, 28, 3, 29, 30, 28, 29, 30, 28, 3, 29, 30, 31, 30, 28, 3, 3, 29, 30, 31, 30, 28, 29, 32, 26 },
        { 44, 45, 40, 94, 62, 39, 38, 40, 12, 9, 35, 36, 124, 38, 40, 12, 41, 38, 42, 37, 38, 40, 12, 41, 38, 123, 36, 34, 11, 12, 41, 38, 39, 65, 93, 41, 46, 47 },
        { 48, 49, 22, 23, 20, 21, 21, 22, 23, 20, 22, 23, 20, 21, 22, 23, 20, 21, 21, 21, 21, 22, 23, 20, 21, 22, 23, 20, 22, 23, 20, 21, 21, 22, 23, 20, 58, 59 },
        { 1, 2, 29, 30, 28, 3, 3, 29, 30, 28, 29, 32, 26, 0, 18, 60, 26, 0, 0, 0, 0, 18, 60, 26, 0, 18, 27, 28, 29, 30, 28, 3, 3, 29, 30, 28, 4, 6 },
        { 7, 8, 41, 38, 40, 12, 9, 37, 65, 93, 126, 43, 26, 1, 121, 30, 28, 3, 3, 3, 3, 29, 30, 120, 6, 18, 33, 127, 94, 62, 42, 11, 12, 41, 38, 40, 16, 17 },
        { 18, 19, 20, 21, 22, 23, 20, 21, 22, 23, 119, 24, 26, 7, 125, 62, 42, 11, 63, 64, 9, 37, 65, 122, 17, 18, 19, 119, 23, 20, 21, 22, 23, 20, 21, 22, 24, 26 },
        { 18, 60, 26, 0, 18, 60, 26, 0, 18, 60, 25, 60, 26, 18, 19, 67, 68, 55, 69, 70, 53, 71, 72, 24, 26, 18, 60, 25, 60, 26, 0, 18, 60, 26, 0, 18, 60, 26 },
        { 29, 30, 28, 3, 29, 30, 28, 3, 29, 30, 31, 30, 28, 29, 32, 73, 74, 75, 76, 77, 78, 79, 80, 27, 28, 29, 30, 31, 30, 28, 3, 29, 30, 28, 3, 29, 30, 28 },
        { 35, 36, 34, 10, 35, 36, 34, 10, 35, 36, 105, 36, 34, 35, 43, 25, 81, 0, 0, 0, 0, 82, 25, 33, 34, 35, 36, 105, 36, 34, 10, 35, 36, 34, 10, 35, 36, 34 },
        { 22, 23, 20, 21, 22, 23, 20, 21, 22, 23, 119, 23, 20, 22, 24, 83, 84, 85, 85, 85, 85, 86, 87, 19, 20, 22, 23, 119, 23, 20, 21, 22, 23, 20, 21, 22, 23, 20 },
        { 18, 60, 26, 0, 18, 60, 26, 0, 18, 60, 25, 60, 26, 18, 27, 88, 89, 54, 54, 54, 54, 90, 91, 32, 26, 18, 60, 25, 60, 26, 0, 18, 60, 26, 0, 18, 60, 26 },
        { 18, 60, 26, 0, 18, 60, 26, 0, 18, 60, 25, 60, 26, 44, 92, 93, 9, 10, 10, 10, 10, 11, 94, 95, 47, 18, 60, 25, 60, 26, 0, 18, 60, 26, 0, 18, 60, 26 },
        { 18, 27, 28, 3, 29, 30, 28, 3, 29, 30, 31, 30, 28, 96, 97, 52, 53, 54, 54, 54, 54, 55, 52, 98, 99, 29, 30, 31, 30, 28, 3, 29, 30, 28, 3, 29, 32, 26 },
        { 18, 33, 34, 11, 94, 62, 42, 10, 35, 36, 105, 36, 34, 10, 37, 65, 93, 9, 10, 10, 11, 94, 62, 42, 10, 35, 36, 105, 36, 34, 10, 37, 65, 93, 9, 35, 43, 26 },
        { 18, 19, 20, 22, 23, 20, 21, 21, 22, 23, 119, 23, 20, 21, 21, 22, 23, 20, 21, 21, 22, 23, 20, 21, 21, 22, 23, 119, 23, 20, 21, 21, 22, 23, 20, 22, 24, 26 },
        { 18, 27, 28, 29, 30, 28, 3, 3, 29, 30, 31, 30, 28, 3, 3, 29, 30, 28, 3, 3, 29, 30, 28, 3, 3, 29, 30, 31, 30, 28, 3, 3, 29, 30, 28, 29, 32, 26 },
        { 44, 45, 40, 94, 118, 93, 9, 11, 94, 62, 39, 38, 40, 12, 9, 35, 36, 34, 10, 10, 35, 36, 34, 11, 12, 41, 38, 39, 65, 93, 9, 11, 94, 118, 93, 41, 46, 47 },
        { 48, 49, 22, 23, 119, 23, 20, 22, 23, 20, 21, 21, 22, 23, 20, 22, 23, 20, 21, 21, 22, 23, 20, 22, 23, 20, 21, 21, 22, 23, 20, 22, 23, 119, 23, 20, 58, 59 },
        { 1, 2, 29, 32, 25, 27, 28, 29, 30, 28, 3, 3, 29, 30, 28, 29, 30, 28, 3, 3, 29, 30, 28, 29, 30, 28, 3, 3, 29, 30, 28, 29, 32, 25, 27, 28, 4, 6 },
        { 7, 8, 41, 128, 129, 130, 40, 94, 62, 42, 10, 11, 94, 62, 42, 37, 65, 93, 9, 11, 94, 62, 42, 37, 65, 93, 9, 10, 37, 65, 93, 41, 128, 129, 130, 40, 16, 17 },
        { 18, 100, 53, 90, 131, 89, 55, 52, 53, 54, 54, 55, 52, 53, 54, 54, 55, 52, 53, 55, 52, 53, 54, 54, 55, 52, 53, 54, 54, 55, 52, 53, 90, 131, 89, 55, 101, 26 },
        { 44, 45, 42, 10, 10, 10, 37, 38, 42, 10, 10, 37, 38, 42, 10, 10, 37, 38, 42, 37, 38, 42, 10, 10, 37, 38, 42, 10, 10, 37, 38, 42, 10, 10, 10, 37, 46, 47 },
        { 48, 49, 21, 21, 21, 21, 21, 21, 21, 21, 21, 21, 21, 21, 21, 21, 21, 21, 21, 21, 21, 21, 21, 21, 21, 21, 21, 21, 21, 21, 21, 21, 21, 21, 21, 21, 58, 59 },
    },
};

static const uint8_t logo_big[7371] = {
    0x00, 0x00, 0x00, 0x00, 0x00, 0x00, 0x00, 0x00, 0x00, 0x00, 0x00, 0x00, 0x00, 0x00, 0x00, 0x00, 0x00, 0x00, 0x00, 0x00, 0x00, 0x00, 0x00, 0x00,
    0x00, 0x00, 0x00, 0x00, 0x00, 0x00, 0x00, 0x00, 0x00, 0x00, 0x00, 0x00, 0x00, 0x00, 0x00, 0x00, 0x00, 0x00, 0x00, 0x00, 0x00, 0x00, 0x00, 0x00,
    0x00, 0x00, 0x00, 0x00, 0x00, 0x00, 0x00, 0x00, 0x00, 0x00, 0x00, 0x00, 0x00, 0x00, 0x00, 0x00, 0x00, 0x00, 0x00, 0x00, 0x00, 0x00, 0x00, 0x00,
    0x00, 0x00, 0x00, 0x00, 0x00, 0x00, 0x00, 0x00, 0x00, 0x00, 0x00, 0x00, 0x00, 0x00, 0x00, 0x00, 0x00, 0x00, 0x00, 0x00, 0x00, 0x00, 0x00, 0x00,
    0x00, 0x00, 0x00, 0x00, 0x00, 0x00, 0x00, 0x00, 0x00, 0x00, 0x00, 0x00, 0x00, 0x00, 0x00, 0x00, 0x00, 0x00, 0x00, 0x00, 0x00, 0x00, 0x00, 0x00,
    0x00, 0x00, 0x00, 0x00, 0x00, 0x00, 0x00, 0x00, 0x00, 0x00, 0x00, 0x00, 0x00, 0x00, 0x00, 0x00, 0x00, 0x00, 0x00, 0x00, 0x00, 0x00, 0x00, 0x00,
    0x00, 0x00, 0x00, 0x00, 0x00, 0x00, 0x00, 0x00, 0x00, 0x00, 0x00, 0x00, 0x00, 0x00, 0x00, 0x00, 0x00, 0x00, 0x00, 0x00, 0x00, 0x00, 0x00, 0x00,
    0x00, 0x00, 0x00, 0x00, 0x00, 0x00, 0x00, 0x00, 0x00, 0x00, 0x00, 0x00, 0x00, 0x00, 0x00, 0x00, 0x00, 0x00, 0x00, 0x00, 0x00, 0x00, 0x00, 0x00,
    0x00, 0x00, 0x00, 0x00, 0x00, 0x00, 0x00, 0x00, 0x00, 0x00, 0x00, 0x00, 0x00, 0x00, 0x00, 0x00, 0x00, 0x00, 0x00, 0x00, 0x00, 0x00, 0x00, 0x00,
    0x00, 0x00, 0x00, 0x00, 0x00, 0x00, 0x00, 0x00, 0x00, 0x00, 0x00, 0x00, 0x00, 0x00, 0x00, 0x00, 0x00, 0x00, 0x00, 0x00, 0x00, 0x00, 0x00, 0x00,
    0x00, 0x00, 0x00, 0x00, 0x00, 0x00, 0x00, 0x00, 0x00, 0x00, 0x00, 0x00, 0x00, 0x00, 0x00, 0x00, 0x00, 0x00, 0x00, 0x00, 0x00, 0x00, 0x00, 0x00,
    0x00, 0x00, 0x00, 0x00, 0x00, 0x00, 0x00, 0x00, 0x00, 0x00, 0x00, 0x00, 0x00, 0x00, 0x00, 0x00, 0x00, 0x00, 0x00, 0x00, 0x00, 0x00, 0x00, 0x00,
    0x00, 0x00, 0x00, 0x00, 0x00, 0x00, 0x00, 0x00, 0x00, 0x00, 0x00, 0x00, 0x00, 0x00, 0x00, 0x00, 0x00, 0x00, 0x00, 0x00, 0x00, 0x00, 0x00, 0x00,
    0x00, 0x00, 0x00, 0x00, 0x00, 0x00, 0x00, 0x00, 0x00, 0x00, 0x00, 0x00, 0x00, 0x00, 0x00, 0x00, 0x00, 0x00, 0x00, 0x00, 0x00, 0x00, 0x00, 0x00,
    0x00, 0x00, 0x00, 0x00, 0x00, 0x00, 0x00, 0x00, 0x00, 0x00, 0x00, 0x00, 0x00, 0x00, 0x00, 0x00, 0x00, 0x00, 0x00, 0x00, 0x00, 0x00, 0x00, 0x11,
    0x11, 0x11, 0x11, 0x11, 0x11, 0x11, 0x10, 0x00, 0x00, 0x00, 0x00, 0x00, 0x00, 0x00, 0x00, 0x00, 0x00, 0x01, 0x11, 0x11, 0x11, 0x00, 0x00, 0x00,
    0x00, 0x00, 0x00, 0x00, 0x00, 0x00, 0x00, 0x00, 0x01, 0x11, 0x11, 0x11, 0x00, 0x00, 0x00, 0x00, 0x00, 0x00, 0x00, 0x00, 0x00, 0x00, 0x00, 0x00,
    0x00, 0x00, 0x00, 0x00, 0x00, 0x00, 0x00, 0x00, 0x00, 0x00, 0x00, 0x00, 0x00, 0x00, 0x00, 0x00, 0x00, 0x00, 0x00, 0x00, 0x00, 0x00, 0x00, 0x00,
    0x00, 0x00, 0x00, 0x00, 0x00, 0x11, 0x11, 0x11, 0x11, 0x10, 0x00, 0x00, 0x00, 0x00, 0x00, 0x00, 0x00, 0x00, 0x00, 0x00, 0x00, 0x00, 0x00, 0x00,
    0x00, 0x00, 0x00, 0x00, 0x00, 0x00, 0x00, 0x00, 0x00, 0x00, 0x00, 0x00, 0x00, 0x00, 0x00, 0x00, 0x00, 0x00, 0x01, 0x11, 0x11, 0x11, 0x11, 0x11,
    0x11, 0x11, 0x11, 0x11, 0x11, 0x00, 0x00, 0x00, 0x00, 0x00, 0x00, 0x00, 0x01, 0x11, 0x11, 0x11, 0x11, 0x11, 0x11, 0x11, 0x00, 0x00, 0x00, 0x00,
    0x00, 0x00, 0x00, 0x01, 0x11, 0x11, 0x11, 0x11, 0x11, 0x11, 0x11, 0x00, 0x00, 0x00, 0x00, 0x00, 0x00, 0x00, 0x00, 0x00, 0x00, 0x00, 0x00, 0x00,
    0x00, 0x00, 0x00, 0x00, 0x00, 0x00, 0x00, 0x00, 0x00, 0x00, 0x00, 0x00, 0x00, 0x00, 0x00, 0x00, 0x00, 0x00, 0x00, 0x00, 0x00, 0x00, 0x00, 0x00,
    0x01, 0x11, 0x11, 0x11, 0x11, 0x11, 0x11, 0x11, 0x00, 0x00, 0x00, 0x00, 0x00, 0x00, 0x00, 0x00, 0x00, 0x00, 0x00, 0x00, 0x00, 0x00, 0x00, 0x00,
    0x00, 0x00, 0x00, 0x00, 0x00, 0x00, 0x00, 0x00, 0x00, 0x00, 0x00, 0x00, 0x00, 0x00, 0x01, 0x11, 0x11, 0x11, 0x11, 0x11, 0x11, 0x11, 0x11, 0x11,
    0x11, 0x11, 0x11, 0x00, 0x00, 0x00, 0x00, 0x00, 0x01, 0x11, 0x11, 0x11, 0x11, 0x11, 0x11, 0x11, 0x11, 0x11, 0x00, 0x00, 0x00, 0x00, 0x00, 0x01,
    0x11, 0x11, 0x11, 0x11, 0x11, 0x11, 0x11, 0x11, 0x11, 0x00, 0x00, 0x00, 0x00, 0x00, 0x00, 0x00, 0x00, 0x00, 0x00, 0x00, 0x00, 0x00, 0x00, 0x00,
    0x00, 0x00, 0x00, 0x00, 0x00, 0x00, 0x00, 0x00, 0x00, 0x00, 0x00, 0x00, 0x00, 0x00, 0x00, 0x00, 0x00, 0x00, 0x00, 0x00, 0x11, 0x11, 0x11, 0x11,
    0x11, 0x11, 0x11, 0x11, 0x11, 0x11, 0x10, 0x00, 0x00, 0x00, 0x00, 0x00, 0x00, 0x00, 0x00, 0x00, 0x00, 0x00, 0x00, 0x00, 0x00, 0x00, 0x00, 0x00,
    0x00, 0x00, 0x00, 0x00, 0x00, 0x00, 0x00, 0x00, 0x00, 0x00, 0x00, 0x11, 0x11, 0x11, 0x11, 0x12, 0x22, 0x22, 0x22, 0x22, 0x11, 0x11, 0x11, 0x11,
    0x11, 0x00, 0x00, 0x00, 0x01, 0x11, 0x11, 0x11, 0x11, 0x11, 0x11, 0x11, 0x11, 0x11, 0x11, 0x11, 0x00, 0x00, 0x00, 0x01, 0x11, 0x11, 0x11, 0x11,
    0x11, 0x11, 0x11, 0x11, 0x11, 0x11, 0x11, 0x00, 0x00, 0x00, 0x00, 0x00, 0x00, 0x00, 0x00, 0x00, 0x00, 0x00, 0x00, 0x00, 0x00, 0x00, 0x00, 0x00,
    0x01, 0x11, 0x11, 0x11, 0x11, 0x10, 0x00, 0x00, 0x00, 0x11, 0x11, 0x11, 0x11, 0x11, 0x11, 0x11, 0x11, 0x11, 0x11, 0x11, 0x11, 0x11, 0x11, 0x11,
    0x11, 0x11, 0x11, 0x11, 0x11, 0x11, 0x11, 0x11, 0x11, 0x10, 0x00, 0x00, 0x00, 0x00, 0x00, 0x00, 0x00, 0x01, 0x11, 0x00, 0x00, 0x00, 0x00, 0x00,
    0x00, 0x00, 0x00, 0x00, 0x00, 0x00, 0x00, 0x01, 0x11, 0x11, 0x11, 0x22, 0x22, 0x22, 0x22, 0x22, 0x22, 0x22, 0x22, 0x11, 0x11, 0x11, 0x11, 0x11,
    0x11, 0x11, 0x11, 0x11, 0x11, 0x22, 0x22, 0x22, 0x22, 0x21, 0x11, 0x11, 0x11, 0x11, 0x11, 0x11, 0x11, 0x11, 0x11, 0x11, 0x22, 0x22, 0x22, 0x22,
    0x21, 0x11, 0x11, 0x11, 0x10, 0x00, 0x00, 0x00, 0x00, 0x00, 0x00, 0x00, 0x00, 0x00, 0x00, 0x00, 0x00, 0x00, 0x00, 0x00, 0x11, 0x11, 0x11, 0x11,
    0x11, 0x11, 0x11, 0x11, 0x11, 0x11, 0x11, 0x11, 0x11, 0x11, 0x11, 0x11, 0x11, 0x11, 0x11, 0x11, 0x11, 0x22, 0x22, 0x22, 0x22, 0x21, 0x11, 0x11,
    0x11, 0x11, 0x11, 0x11, 0x11, 0x11, 0x11, 0x11, 0x00, 0x00, 0x00, 0x00, 0x01, 0x11, 0x11, 0x11, 0x11, 0x11, 0x00, 0x00, 0x00, 0x00, 0x00, 0x00,
    0x00, 0x00, 0x00, 0x00, 0x11, 0x11, 0x11, 0x22, 0x22, 0x22, 0x33, 0x33, 0x33, 0x22, 0x22, 0x22, 0x22, 0x11, 0x11, 0x11, 0x11, 0x11, 0x11, 0x11,
    0x12, 0x22, 0x22, 0x22, 0x22, 0x22, 0x22, 0x22, 0x11, 0x11, 0x11, 0x11, 0x11, 0x11, 0x11, 0x12, 0x22, 0x22, 0x22, 0x22, 0x22, 0x22, 0x21, 0x11,
    0x11, 0x11, 0x00, 0x00, 0x00, 0x00, 0x00, 0x00, 0x00, 0x00, 0x00, 0x00, 0x00, 0x00, 0x00, 0x00, 0x01, 0x11, 0x11, 0x11, 0x11, 0x11, 0x11, 0x11,
    0x11, 0x11, 0x11, 0x11, 0x11, 0x11, 0x11, 0x11, 0x11, 0x11, 0x11, 0x11, 0x12, 0x22, 0x22, 0x22, 0x22, 0x22, 0x22, 0x22, 0x11, 0x11, 0x11, 0x11,
    0x11, 0x11, 0x11, 0x11, 0x11, 0x11, 0x10, 0x00, 0x11, 0x11, 0x11, 0x11, 0x11, 0x11, 0x11, 0x10, 0x00, 0x00, 0x00, 0x00, 0x00, 0x00, 0x00, 0x00,
    0x01, 0x11, 0x11, 0x22, 0x22, 0x33, 0x33, 0x33, 0x33, 0x33, 0x33, 0x33, 0x22, 0x22, 0x22, 0x11, 0x11, 0x11, 0x11, 0x11, 0x12, 0x22, 0x22, 0x22,
    0x33, 0x33, 0x32, 0x22, 0x22, 0x22, 0x11, 0x11, 0x11, 0x11, 0x11, 0x12, 0x22, 0x22, 0x22, 0x33, 0x33, 0x32, 0x22, 0x22, 0x21, 0x11, 0x11, 0x10,
    0x00, 0x00, 0x00, 0x00, 0x00, 0x00, 0x00, 0x00, 0x00, 0x00, 0x00, 0x00, 0x00, 0x11, 0x11, 0x11, 0x11, 0x11, 0x11, 0x11, 0x11, 0x11, 0x11, 0x11,
    0x11, 0x11, 0x22, 0x22, 0x11, 0x11, 0x11, 0x11, 0x22, 0x22, 0x22, 0x22, 0x33, 0x33, 0x32, 0x22, 0x22, 0x22, 0x11, 0x11, 0x11, 0x11, 0x11, 0x11,
    0x11, 0x11, 0x11, 0x11, 0x11, 0x11, 0x11, 0x11, 0x11, 0x11, 0x11, 0x11, 0x11, 0x10, 0x00, 0x00, 0x00, 0x00, 0x00, 0x00, 0x00, 0x11, 0x11, 0x12,
    0x22, 0x33, 0x33, 0x34, 0x44, 0x44, 0x44, 0x43, 0x33, 0x33, 0x32, 0x22, 0x22, 0x11, 0x11, 0x11, 0x12, 0x22, 0x22, 0x23, 0x33, 0x33, 0x33, 0x33,
    0x33, 0x22, 0x22, 0x22, 0x11, 0x11, 0x11, 0x12, 0x22, 0x22, 0x23, 0x33, 0x33, 0x33, 0x33, 0x33, 0x22, 0x22, 0x11, 0x11, 0x11, 0x00, 0x00, 0x00,
    0x00, 0x00, 0x00, 0x00, 0x00, 0x00, 0x00, 0x00, 0x00, 0x01, 0x11, 0x11, 0x12, 0x22, 0x22, 0x22, 0x22, 0x22, 0x11, 0x11, 0x12, 0x22, 0x22, 0x22,
    0x22, 0x22, 0x22, 0x22, 0x22, 0x22, 0x22, 0x33, 0x33, 0x33, 0x33, 0x33, 0x33, 0x32, 0x22, 0x22, 0x22, 0x22, 0x22, 0x22, 0x22, 0x21, 0x11, 0x11,
    0x11, 0x11, 0x11, 0x11, 0x11, 0x11, 0x11, 0x11, 0x11, 0x11, 0x11, 0x00, 0x00, 0x00, 0x00, 0x00, 0x00, 0x01, 0x11, 0x11, 0x22, 0x23, 0x33, 0x44,
    0x44, 0x44, 0x44, 0x44, 0x44, 0x44, 0x33, 0x33, 0x22, 0x22, 0x22, 0x11, 0x12, 0x22, 0x22, 0x23, 0x33, 0x33, 0x44, 0x44, 0x43, 0x33, 0x33, 0x22,
    0x22, 0x22, 0x11, 0x12, 0x22, 0x22, 0x23, 0x33, 0x33, 0x44, 0x44, 0x33, 0x33, 0x32, 0x22, 0x21, 0x11, 0x11, 0x00, 0x00, 0x00, 0x00, 0x00, 0x00,
    0x00, 0x00, 0x00, 0x00, 0x00, 0x00, 0x11, 0x11, 0x12, 0x22, 0x22, 0x22, 0x22, 0x22, 0x22, 0x22, 0x22, 0x22, 0x22, 0x22, 0x22, 0x22, 0x22, 0x22,
    0x22, 0x22, 0x22, 0x33, 0x33, 0x33, 0x44, 0x44, 0x43, 0x33, 0x33, 0x32, 0x22, 0x22, 0x22, 0x22, 0x22, 0x22, 0x22, 0x21, 0x11, 0x11, 0x11, 0x11,
    0x11, 0x22, 0x22, 0x22, 0x22, 0x11, 0x11, 0x11, 0x10, 0x00, 0x00, 0x00, 0x00, 0x00, 0x01, 0x11, 0x12, 0x22, 0x33, 0x34, 0x44, 0x55, 0x55, 0x55,
    0x55, 0x55, 0x44, 0x44, 0x33, 0x33, 0x22, 0x22, 0x22, 0x22, 0x22, 0x23, 0x33, 0x34, 0x44, 0x44, 0x44, 0x44, 0x44, 0x33, 0x33, 0x22, 0x22, 0x22,
    0x22, 0x22, 0x23, 0x33, 0x34, 0x44, 0x44, 0x44, 0x44, 0x43, 0x33, 0x32, 0x22, 0x11, 0x11, 0x10, 0x00, 0x00, 0x00, 0x00, 0x00, 0x00, 0x00, 0x00,
    0x00, 0x00, 0x01, 0x11, 0x11, 0x22, 0x22, 0x33, 0x33, 0x33, 0x33, 0x22, 0x22, 0x22, 0x22, 0x23, 0x33, 0x33, 0x33, 0x33, 0x33, 0x22, 0x23, 0x33,
    0x33, 0x34, 0x44, 0x44, 0x44, 0x44, 0x44, 0x33, 0x33, 0x32, 0x22, 0x22, 0x22, 0x22, 0x22, 0x22, 0x22, 0x21, 0x11, 0x11, 0x11, 0x22, 0x22, 0x22,
    0x22, 0x22, 0x22, 0x11, 0x11, 0x10, 0x00, 0x00, 0x00, 0x00, 0x00, 0x11, 0x11, 0x12, 0x23, 0x34, 0x44, 0x55, 0x55, 0x66, 0x66, 0x55, 0x55, 0x55,
    0x44, 0x44, 0x33, 0x33, 0x22, 0x22, 0x22, 0x23, 0x33, 0x34, 0x44, 0x44, 0x55, 0x55, 0x54, 0x44, 0x44, 0x33, 0x33, 0x22, 0x22, 0x22, 0x23, 0x33,
    0x34, 0x44, 0x44, 0x44, 0x44, 0x44, 0x44, 0x33, 0x32, 0x22, 0x21, 0x11, 0x11, 0x00, 0x00, 0x00, 0x00, 0x00, 0x00, 0x00, 0x00, 0x00, 0x00, 0x01,
    0x11, 0x12, 0x22, 0x23, 0x33, 0x33, 0x33, 0x33, 0x33, 0x33, 0x33, 0x33, 0x33, 0x33, 0x44, 0x43, 0x33, 0x33, 0x33, 0x33, 0x33, 0x34, 0x44, 0x44,
    0x55, 0x55, 0x54, 0x44, 0x44, 0x33, 0x33, 0x33, 0x33, 0x33, 0x33, 0x33, 0x33, 0x22, 0x22, 0x21, 0x11, 0x12, 0x22, 0x22, 0x23, 0x33, 0x22, 0x22,
    0x21, 0x11, 0x11, 0x00, 0x00, 0x00, 0x00, 0x00, 0x11, 0x11, 0x22, 0x33, 0x34, 0x4f, 0xff, 0xee, 0xee, 0xee, 0xee, 0xee, 0xff, 0xff, 0x44, 0x43,
    0x33, 0x33, 0x32, 0x33, 0x33, 0x33, 0x44, 0x4f, 0xff, 0xfe, 0xee, 0xff, 0xff, 0x44, 0x43, 0x33, 0x33, 0x33, 0x33, 0x33, 0x33, 0x44, 0x4f, 0xff,
    0xfe, 0xee, 0xff, 0xff, 0x43, 0x33, 0x22, 0x21, 0x11, 0x11, 0x00, 0x00, 0x00, 0x00, 0x00, 0x00, 0x00, 0x00, 0x00, 0x00, 0x11, 0x11, 0x22, 0x23,
    0x33, 0x44, 0xf4, 0x44, 0x44, 0x43, 0x33, 0x33, 0x33, 0x44, 0x44, 0x44, 0xf4, 0x44, 0x44, 0x33, 0x33, 0x44, 0x44, 0x4f, 0xff, 0xfe, 0xee, 0xff,
    0xff, 0x44, 0x44, 0x43, 0x33, 0x33, 0x33, 0x33, 0xf3, 0x33, 0x33, 0x22, 0x22, 0x22, 0x22, 0x22, 0x23, 0x33, 0xf3, 0x33, 0x22, 0x22, 0x11, 0x11,
    0x00, 0x00, 0x00, 0x00, 0x00, 0x11, 0x11, 0x22, 0x33, 0x44, 0xff, 0xee, 0xee, 0xee, 0xee, 0xee, 0xee, 0xee, 0xee, 0xf4, 0x44, 0x43, 0x33, 0x33,
    0x33, 0x33, 0x44, 0x44, 0xfe, 0xee, 0xee, 0xee, 0xee, 0xee, 0xf4, 0x44, 0x43, 0x33, 0x33, 0x33, 0x33, 0x44, 0x44, 0xfe, 0xee, 0xee, 0xee, 0xee,
    0xee, 0xf4, 0x33, 0x32, 0x22, 0x11, 0x11, 0x10, 0x00, 0x00, 0x00, 0x00, 0x00, 0x00, 0x00, 0x00, 0x01, 0x11, 0x11, 0x22, 0x33, 0x34, 0x4f, 0xff,
    0xf5, 0x44, 0x44, 0x44, 0x44, 0x44, 0x44, 0x55, 0xff, 0xff, 0x54, 0x44, 0x44, 0x44, 0x44, 0x45, 0xfe, 0xee, 0xee, 0xee, 0xee, 0xee, 0xf5, 0x44,
    0x44, 0x44, 0x44, 0x44, 0x4f, 0xff, 0x44, 0x33, 0x32, 0x22, 0x22, 0x22, 0x23, 0x33, 0x3f, 0xff, 0x33, 0x32, 0x22, 0x21, 0x11, 0x10, 0x00, 0x00,
    0x00, 0x01, 0x11, 0x12, 0x23, 0x34, 0x45, 0xfe, 0xee, 0xee, 0xee, 0xee, 0xee, 0xee, 0xee, 0xee, 0xef, 0x44, 0x44, 0x43, 0x33, 0x33, 0x44, 0x44,
    0x5f, 0xee, 0xee, 0xee, 0xee, 0xee, 0xee, 0xef, 0x54, 0x44, 0x44, 0x33, 0x34, 0x44, 0x44, 0x4f, 0xee, 0xee, 0xee, 0xee, 0xee, 0xee, 0xef, 0x33,
    0x32, 0x22, 0x11, 0x11, 0x11, 0x00, 0x00, 0x00, 0x00, 0x00, 0x00, 0x00, 0x00, 0x11, 0x11, 0x12, 0x22, 0x33, 0x44, 0xfe, 0xee, 0xf5, 0x55, 0x55,
    0x44, 0x44, 0x45, 0x55, 0x55, 0xfe, 0xee, 0xf5, 0x55, 0x44, 0x44, 0x45, 0x5f, 0xee, 0xee, 0xee, 0xee, 0xee, 0xee, 0xef, 0x55, 0x44, 0x44, 0x44,
    0x44, 0xfe, 0xee, 0xf4, 0x43, 0x33, 0x32, 0x22, 0x22, 0x33, 0x33, 0xfe, 0xee, 0xf3, 0x33, 0x22, 0x21, 0x11, 0x10, 0x00, 0x00, 0x00, 0x01, 0x11,
    0x12, 0x23, 0x34, 0x45, 0xfe, 0xee, 0xee, 0xee, 0xee, 0xee, 0xee, 0xee, 0xee, 0xef, 0x55, 0x44, 0x44, 0x44, 0x44, 0x44, 0x45, 0x5f, 0xee, 0xee,
    0xee, 0xee, 0xee, 0xee, 0xef, 0x55, 0x54, 0x44, 0x44, 0x44, 0x44, 0x45, 0x5f, 0xee, 0xee, 0xee, 0xee, 0xee, 0xee, 0xef, 0x33, 0x32, 0x22, 0x11,
    0x11, 0x11, 0x11, 0x00, 0x00, 0x00, 0x01, 0x11, 0x11, 0x11, 0x11, 0x11, 0x12, 0x23, 0x34, 0x45, 0xfe, 0xee, 0xef, 0x66, 0x55, 0x55, 0x55, 0x55,
    0x56, 0x6f, 0xee, 0xee, 0xf6, 0x55, 0x55, 0x55, 0x55, 0x5f, 0xee, 0xee, 0xee, 0xee, 0xee, 0xee, 0xef, 0x55, 0x55, 0x55, 0x55, 0x55, 0xfe, 0xee,
    0xf5, 0x44, 0x43, 0x33, 0x33, 0x33, 0x33, 0x44, 0xfe, 0xee, 0xf4, 0x33, 0x32, 0x22, 0x11, 0x11, 0x00, 0x00, 0x00, 0x01, 0x11, 0x12, 0x23, 0x44,
    0x55, 0xee, 0xee, 0xee, 0xee, 0xee, 0xee, 0xee, 0xef, 0xff, 0xff, 0xf5, 0x54, 0x44, 0x44, 0x44, 0x55, 0x55, 0xff, 0xff, 0xff, 0xee, 0xee, 0xef,
    0xff, 0xff, 0xf5, 0x55, 0x54, 0x44, 0x44, 0x55, 0x55, 0xff, 0xff, 0xff, 0xee, 0xee, 0xef, 0xff, 0xff, 0xf3, 0x32, 0x22, 0x21, 0x11, 0x11, 0x11,
    0x11, 0x11, 0x11, 0x11, 0x11, 0x11, 0x11, 0x11, 0x11, 0x22, 0x23, 0x34, 0x45, 0xfe, 0xee, 0xee, 0xf6, 0x66, 0x65, 0x55, 0x66, 0x66, 0xfe, 0xee,
    0xee, 0xe6, 0x66, 0x55, 0x55, 0x55, 0xff, 0xff, 0xff, 0xee, 0xee, 0xef, 0xff, 0xff, 0xf5, 0x55, 0x55, 0x55, 0x56, 0xfe, 0xee, 0xf5, 0x54, 0x44,
    0x33, 0x33, 0x33, 0x34, 0x44, 0xfe, 0xee, 0xf4, 0x43, 0x32, 0x22, 0x11, 0x11, 0x00, 0x00, 0x00, 0x01, 0x11, 0x22, 0x33, 0x44, 0x56, 0xee, 0xee,
    0xee, 0xff, 0xf7, 0x77, 0x76, 0x66, 0x66, 0xff, 0xff, 0xf5, 0x55, 0x55, 0x55, 0x55, 0xff, 0xff, 0xf6, 0x66, 0x66, 0x66, 0x66, 0x66, 0xff, 0xff,
    0xf5, 0x55, 0x55, 0x55, 0x55, 0xff, 0xff, 0xf5, 0x55, 0x55, 0x55, 0x55, 0x44, 0xff, 0xff, 0xf2, 0x22, 0x21, 0x11, 0x11, 0x11, 0x11, 0x11, 0x11,
    0x11, 0x11, 0x11, 0x11, 0x11, 0x12, 0x22, 0x33, 0x44, 0x55, 0xee, 0xee, 0xee, 0xef, 0xf6, 0x66, 0x66, 0x66, 0xff, 0xee, 0xee, 0xee, 0xe7, 0x66,
    0x66, 0x66, 0xff, 0xff, 0xf6, 0x66, 0x66, 0x66, 0x66, 0x66, 0xff, 0xff, 0xf6, 0x66, 0x66, 0x66, 0xee, 0xee, 0xe6, 0x55, 0x44, 0x43, 0x33, 0x33,
    0x44, 0x44, 0xfe, 0xee, 0xf4, 0x44, 0x33, 0x22, 0x11, 0x11, 0x00, 0x00, 0x00, 0x01, 0x11, 0x22, 0x33, 0x44, 0x56, 0xee, 0xee, 0xef, 0xf8, 0x77,
    0x77, 0x66, 0x66, 0x66, 0x6f, 0xfe, 0xef, 0xf5, 0x55, 0x55, 0xff, 0xee, 0xff, 0x66, 0x66, 0x66, 0x66, 0x66, 0x66, 0x6f, 0xfe, 0xef, 0xf5, 0x55,
    0x55, 0xff, 0xee, 0xff, 0x55, 0x55, 0x55, 0x55, 0x44, 0x44, 0x43, 0xff, 0xff, 0x22, 0x21, 0x11, 0x11, 0x11, 0x11, 0x11, 0x11, 0x11, 0x11, 0x11,
    0x11, 0x12, 0x22, 0x22, 0x33, 0x45, 0x56, 0xee, 0xee, 0xee, 0xee, 0xff, 0x77, 0x67, 0x7f, 0xfe, 0xee, 0xee, 0xee, 0xe7, 0x77, 0x66, 0xff, 0xee,
    0xff, 0x66, 0x66, 0x66, 0x66, 0x66, 0x66, 0x6f, 0xfe, 0xef, 0xf6, 0x66, 0x67, 0xee, 0xee, 0xef, 0x65, 0x54, 0x44, 0x43, 0x44, 0x44, 0x55, 0xee,
    0xee, 0xe5, 0x44, 0x33, 0x22, 0x11, 0x11, 0x00, 0x00, 0x00, 0x01, 0x11, 0x22, 0x33, 0x45, 0x56, 0xee, 0xee, 0xef, 0x88, 0x77, 0x77, 0x66, 0x66,
    0x66, 0x66, 0xfe, 0xee, 0xf5, 0x55, 0x56, 0xfe, 0xee, 0xf6, 0x66, 0x66, 0x66, 0x66, 0x66, 0x66, 0x66, 0xfe, 0xee, 0xf6, 0x66, 0x66, 0xfe, 0xee,
    0xf6, 0x55, 0x55, 0x55, 0x44, 0x44, 0x44, 0x33, 0xff, 0xff, 0x22, 0x21, 0x11, 0x11, 0x11, 0x11, 0x12, 0x22, 0x22, 0x22, 0x22, 0x22, 0x22, 0x22,
    0x23, 0x34, 0x45, 0x56, 0xee, 0xee, 0xee, 0xee, 0xef, 0x77, 0x77, 0x7f, 0xee, 0xee, 0xee, 0xee, 0xe7, 0x77, 0x77, 0xfe, 0xee, 0xf6, 0x66, 0x66,
    0x66, 0x66, 0x66, 0x66, 0x66, 0xfe, 0xee, 0xf7, 0x77, 0x77, 0xee, 0xee, 0xef, 0x66, 0x55, 0x44, 0x44, 0x44, 0x44, 0x55, 0xee, 0xee, 0xe5, 0x44,
    0x33, 0x22, 0x21, 0x11, 0x00, 0x00, 0x00, 0x11, 0x11, 0x22, 0x33, 0x45, 0x56, 0xee, 0xee, 0xef, 0x88, 0x77, 0x77, 0x66, 0x66, 0x66, 0x66, 0xfe,
    0xee, 0xf6, 0x66, 0x66, 0xfe, 0xee, 0xf7, 0x77, 0x66, 0x66, 0x66, 0x66, 0x67, 0x77, 0xfe, 0xee, 0xf6, 0x66, 0x66, 0xfe, 0xee, 0xf6, 0x55, 0x55,
    0x54, 0x44, 0x44, 0x33, 0x33, 0x3f, 0xff, 0x22, 0x21, 0x11, 0x11, 0x22, 0x22, 0x22, 0x22, 0x22, 0x22, 0x22, 0x22, 0x22, 0x22, 0x33, 0x34, 0x45,
    0x66, 0xee, 0xee, 0xee, 0xee, 0xef, 0xf7, 0x77, 0xff, 0xee, 0xee, 0xee, 0xee, 0xe8, 0x87, 0x77, 0xfe, 0xee, 0xf7, 0x77, 0x66, 0x66, 0x66, 0x66,
    0x67, 0x77, 0xfe, 0xee, 0xf7, 0x77, 0x77, 0xee, 0xee, 0xef, 0x76, 0x65, 0x54, 0x44, 0x44, 0x45, 0x55, 0xee, 0xee, 0xe5, 0x54, 0x43, 0x22, 0x21,
    0x11, 0x00, 0x00, 0x00, 0x11, 0x11, 0x22, 0x33, 0x45, 0x66, 0xee, 0xee, 0xe8, 0x88, 0x77, 0x77, 0x66, 0x66, 0x66, 0x66, 0xfe, 0xee, 0xf6, 0x66,
    0x66, 0xfe, 0xee, 0xe7, 0x77, 0x77, 0x66, 0x66, 0x67, 0x77, 0x77, 0xee, 0xee, 0xf7, 0x77, 0x76, 0xfe, 0xee, 0xf6, 0x55, 0x55, 0x44, 0x44, 0x33,
    0x33, 0x33, 0x22, 0x22, 0x22, 0x22, 0x22, 0x22, 0x22, 0x22, 0x22, 0x23, 0x33, 0x33, 0x33, 0x33, 0x33, 0x33, 0x33, 0x44, 0x55, 0x66, 0xee, 0xee,
    0xee, 0xee, 0xff, 0xff, 0xff, 0xff, 0xfe, 0xee, 0xee, 0xee, 0xe8, 0x88, 0x87, 0xfe, 0xee, 0xe7, 0x77, 0x77, 0x66, 0x66, 0x67, 0x77, 0x77, 0xee,
    0xee, 0xf7, 0x88, 0x88, 0xee, 0xee, 0xee, 0xf6, 0x66, 0x55, 0x54, 0x45, 0x55, 0x56, 0xee, 0xee, 0xe5, 0x54, 0x43, 0x32, 0x21, 0x11, 0x00, 0x00,
    0x00, 0x11, 0x11, 0x22, 0x34, 0x45, 0x66, 0xee, 0xee, 0xe8, 0x88, 0x77, 0x77, 0x66, 0x66, 0x66, 0x66, 0xfe, 0xee, 0xf6, 0x66, 0x67, 0xee, 0xee,
    0xe7, 0x77, 0x77, 0x77, 0x77, 0x77, 0x77, 0x77, 0xee, 0xee, 0xe7, 0x77, 0x77, 0xee, 0xee, 0xe6, 0x55, 0x54, 0x44, 0x33, 0x33, 0x32, 0x22, 0x22,
    0x22, 0x22, 0x22, 0x22, 0x22, 0x22, 0x23, 0x33, 0x33, 0x33, 0x33, 0x33, 0x33, 0x33, 0x33, 0x34, 0x44, 0x55, 0x66, 0xee, 0xee, 0xee, 0xff, 0xff,
    0xff, 0xff, 0xff, 0xff, 0xfe, 0xee, 0xee, 0xe8, 0x88, 0x88, 0xee, 0xee, 0xe7, 0x77, 0x77, 0x77, 0x77, 0x77, 0x77, 0x77, 0xee, 0xee, 0xe8, 0x88,
    0x88, 0xee, 0xee, 0xee, 0xef, 0xf6, 0x55, 0x55, 0x55, 0x55, 0x66, 0xee, 0xee, 0xe5, 0x54, 0x43, 0x32, 0x21, 0x11, 0x10, 0x00, 0x00, 0x11, 0x11,
    0x22, 0x34, 0x45, 0x66, 0xee, 0xee, 0xef, 0x88, 0x87, 0x77, 0x66, 0x66, 0x66, 0x66, 0xfe, 0xee, 0xf6, 0x66, 0x77, 0xee, 0xee, 0xef, 0x77, 0x77,
    0x77, 0x77, 0x77, 0x77, 0x8f, 0xee, 0xee, 0xe8, 0x77, 0x77, 0xee, 0xee, 0xe6, 0x55, 0x54, 0x43, 0x33, 0x32, 0x22, 0x22, 0x22, 0x22, 0x22, 0x22,
    0x22, 0x22, 0x23, 0x33, 0x33, 0x44, 0x44, 0x44, 0x44, 0x44, 0x33, 0x34, 0x44, 0x45, 0x56, 0x67, 0xee, 0xee, 0xef, 0xf8, 0x8f, 0xfe, 0xee, 0xff,
    0x88, 0xff, 0xee, 0xee, 0xe8, 0x88, 0x88, 0xee, 0xee, 0xef, 0x87, 0x77, 0x77, 0x77, 0x77, 0x77, 0x8f, 0xee, 0xee, 0xe8, 0x88, 0x88, 0xee, 0xee,
    0xee, 0xee, 0xff, 0x65, 0x55, 0x55, 0x56, 0x66, 0xee, 0xee, 0xe5, 0x54, 0x43, 0x32, 0x21, 0x11, 0x10, 0x00, 0x00, 0x11, 0x11, 0x22, 0x34, 0x45,
    0x66, 0xee, 0xee, 0xef, 0x88, 0x87, 0x77, 0x76, 0x66, 0x66, 0x66, 0xfe, 0xee, 0xf6, 0x66, 0x77, 0xee, 0xee, 0xef, 0x88, 0x77, 0x77, 0x77, 0x77,
    0x78, 0x8f, 0xee, 0xee, 0xe8, 0x88, 0x77, 0xee, 0xee, 0xe6, 0x55, 0x44, 0x33, 0x32, 0x22, 0x22, 0x22, 0x21, 0x11, 0x12, 0x22, 0x22, 0x23, 0x33,
    0x34, 0x44, 0x44, 0x44, 0x44, 0x44, 0x44, 0x44, 0x44, 0x44, 0x45, 0x56, 0x67, 0xee, 0xee, 0xef, 0x88, 0x8f, 0xfe, 0xee, 0xff, 0x88, 0x8f, 0xee,
    0xee, 0xe8, 0x88, 0x88, 0xee, 0xee, 0xef, 0x88, 0x87, 0x77, 0x77, 0x77, 0x88, 0x8f, 0xee, 0xee, 0xe8, 0x88, 0x89, 0xee, 0xee, 0xee, 0xee, 0xef,
    0x66, 0x55, 0x55, 0x66, 0x66, 0xee, 0xee, 0xe6, 0x55, 0x43, 0x32, 0x21, 0x11, 0x10, 0x00, 0x00, 0x11, 0x11, 0x22, 0x34, 0x45, 0x66, 0xee, 0xee,
    0xef, 0xf8, 0x88, 0x77, 0x76, 0x66, 0x66, 0x6f, 0xfe, 0xef, 0xf6, 0x66, 0x77, 0xee, 0xee, 0xef, 0xf8, 0x88, 0x77, 0x77, 0x78, 0x88, 0xff, 0xee,
    0xee, 0xe8, 0x88, 0x88, 0xee, 0xee, 0xe6, 0x55, 0x44, 0x33, 0x32, 0x22, 0x21, 0x11, 0x11, 0x11, 0x12, 0x22, 0x22, 0x33, 0x33, 0x44, 0x44, 0x45,
    0x55, 0x55, 0x55, 0x54, 0x44, 0x44, 0x44, 0x55, 0x56, 0x67, 0xee, 0xee, 0xef, 0x88, 0x8f, 0xfe, 0xee, 0xff, 0x88, 0x8f, 0xee, 0xee, 0xe9, 0x88,
    0x89, 0xee, 0xee, 0xef, 0xf8, 0x88, 0x77, 0x77, 0x78, 0x88, 0xff, 0xee, 0xee, 0xe9, 0x99, 0x99, 0xee, 0xee, 0xee, 0xee, 0xef, 0x66, 0x65, 0x56,
    0x66, 0x67, 0xee, 0xee, 0xe6, 0x55, 0x43, 0x32, 0x21, 0x11, 0x10, 0x00, 0x00, 0x11, 0x11, 0x22, 0x34, 0x45, 0x67, 0xee, 0xee, 0xee, 0xff, 0xf8,
    0x77, 0x77, 0x66, 0x66, 0xff, 0xff, 0xf6, 0x66, 0x66, 0x77, 0xee, 0xee, 0xee, 0xff, 0xf8, 0x88, 0x88, 0x88, 0xff, 0xfe, 0xee, 0xee, 0xe8, 0x88,
    0x88, 0xee, 0xee, 0xe6, 0x55, 0x44, 0x33, 0x22, 0x22, 0x11, 0x11, 0x11, 0x11, 0x11, 0x22, 0x22, 0x33, 0x34, 0x44, 0x55, 0x55, 0x55, 0x55, 0x55,
    0x55, 0x55, 0x55, 0x55, 0x55, 0x56, 0x67, 0xee, 0xee, 0xef, 0x88, 0x87, 0xee, 0xee, 0xe8, 0x88, 0x8f, 0xee, 0xee, 0xe9, 0x99, 0x99, 0xee, 0xee,
    0xee, 0xff, 0xf8, 0x88, 0x88, 0x88, 0xff, 0xfe, 0xee, 0xee, 0xe9, 0x99, 0x99, 0xee, 0xee, 0xee, 0xee, 0xff, 0xf6, 0x66, 0x66, 0x66, 0x77, 0xee,
    0xee, 0xe6, 0x55, 0x43, 0x32, 0x21, 0x11, 0x10, 0x00, 0x00, 0x11, 0x11, 0x22, 0x34, 0x45, 0x67, 0xee, 0xee, 0xee, 0xee, 0xee, 0xee, 0xee, 0xef,
    0xff, 0xff, 0xf5, 0x55, 0x66, 0x66, 0x77, 0xee, 0xee, 0xee, 0xee, 0xee, 0xee, 0xee, 0xee, 0xee, 0xee, 0xee, 0xee, 0xe9, 0x88, 0x88, 0xee, 0xee,
    0xe6, 0x55, 0x44, 0x33, 0x22, 0x21, 0x11, 0x11, 0x11, 0x11, 0x11, 0x22, 0x23, 0x33, 0xff, 0xff, 0xee, 0xee, 0xee, 0xee, 0xee, 0xee, 0xef, 0xff,
    0xf5, 0x55, 0x56, 0x67, 0xee, 0xee, 0xe8, 0x87, 0x77, 0xfe, 0xee, 0xf7, 0x78, 0x88, 0xee, 0xee, 0xe9, 0x99, 0x99, 0xee, 0xee, 0xee, 0xee, 0xee,
    0xee, 0xee, 0xee, 0xee, 0xee, 0xee, 0xee, 0xe9, 0x99, 0x99, 0xee, 0xee, 0xee, 0xff, 0xff, 0xff, 0xf6, 0x66, 0x67, 0x77, 0xee, 0xee, 0xe6, 0x55,
    0x43, 0x32, 0x21, 0x11, 0x10, 0x00, 0x00, 0x11, 0x11, 0x22, 0x34, 0x45, 0x67, 0xee, 0xee, 0xee, 0xee, 0xee, 0xee, 0xee, 0xee, 0xee, 0xef, 0x55,
    0x55, 0x56, 0x66, 0x77, 0xee, 0xee, 0xee, 0xee, 0xee, 0xee, 0xee, 0xee, 0xee, 0xee, 0xee, 0xee, 0xe9, 0x88, 0x88, 0xee, 0xee, 0xe6, 0x55, 0x44,
    0x33, 0x22, 0x11, 0x11, 0x11, 0x11, 0x11, 0x11, 0x22, 0x23, 0x3f, 0xee, 0xee, 0xee, 0xee, 0xee, 0xee, 0xee, 0xee, 0xee, 0xee, 0xef, 0x55, 0x66,
    0x67, 0xee, 0xee, 0xe7, 0x77, 0x77, 0xfe, 0xee, 0xf7, 0x77, 0x88, 0xee, 0xee, 0xe9, 0x99, 0x99, 0xee, 0xee, 0xee, 0xee, 0xee, 0xee, 0xee, 0xee,
    0xee, 0xee, 0xee, 0xee, 0xe9, 0x99, 0x99, 0xee, 0xee, 0xef, 0xf7, 0x7f, 0xff, 0xff, 0x66, 0x77, 0x7f, 0xee, 0xee, 0xe6, 0x55, 0x44, 0x32, 0x21,
    0x11, 0x10, 0x00, 0x00, 0x11, 0x11, 0x22, 0x34, 0x45, 0x67, 0xee, 0xee, 0xee, 0xee, 0xee, 0xee, 0xee, 0xee, 0xee, 0xef, 0x55, 0x55, 0x55, 0x66,
    0x77, 0xee, 0xee, 0xee, 0xee, 0xee, 0xee, 0xee, 0xee, 0xee, 0xee, 0xee, 0xee, 0xe9, 0x88, 0x88, 0xee, 0xee, 0xe6, 0x55, 0x44, 0x33, 0x22, 0x11,
    0x11, 0x11, 0x11, 0x11, 0x11, 0x22, 0x23, 0xff, 0xee, 0xee, 0xee, 0xee, 0xee, 0xee, 0xee, 0xee, 0xee, 0xee, 0xef, 0xf5, 0x56, 0x66, 0xee, 0xee,
    0xe7, 0x77, 0x77, 0xfe, 0xee, 0xf7, 0x77, 0x78, 0xee, 0xee, 0xe8, 0x99, 0x99, 0xee, 0xee, 0xee, 0xee, 0xee, 0xee, 0xee, 0xee, 0xee, 0xee, 0xee,
    0xee, 0xe9, 0x99, 0x99, 0xee, 0xee, 0xef, 0x87, 0x76, 0xff, 0xef, 0xf6, 0x77, 0x7f, 0xee, 0xee, 0xe6, 0x65, 0x44, 0x32, 0x21, 0x11, 0x10, 0x00,
    0x00, 0x11, 0x11, 0x22, 0x34, 0x45, 0x67, 0xee, 0xee, 0xee, 0xee, 0xee, 0xee, 0xee, 0xee, 0xee, 0xf5, 0x55, 0x55, 0x55, 0x66, 0x77, 0xee, 0xee,
    0xee, 0xee, 0xee, 0xee, 0xee, 0xee, 0xee, 0xee, 0xee, 0xee, 0xe9, 0x88, 0x88, 0xee, 0xee, 0xe6, 0x55, 0x44, 0x33, 0x22, 0x11, 0x11, 0x11, 0x11,
    0x11, 0x11, 0x22, 0x23, 0x3f, 0xee, 0xee, 0xee, 0xee, 0xee, 0xee, 0xee, 0xee, 0xee, 0xee, 0xef, 0x55, 0x56, 0x66, 0xee, 0xee, 0xe7, 0x77, 0x66,
    0x6f, 0xff, 0x66, 0x67, 0x77, 0xee, 0xee, 0xe8, 0x89, 0x99, 0xee, 0xee, 0xee, 0xee, 0xee, 0xee, 0xee, 0xee, 0xee, 0xee, 0xee, 0xee, 0xe9, 0x99,
    0x99, 0xee, 0xee, 0xef, 0x77, 0x76, 0x6f, 0xff, 0xff, 0x77, 0xff, 0xee, 0xee, 0xe6, 0x65, 0x44, 0x32, 0x21, 0x11, 0x10, 0x00, 0x00, 0x11, 0x11,
    0x22, 0x34, 0x45, 0x66, 0xee, 0xee, 0xee, 0xee, 0xee, 0xee, 0xee, 0xff, 0xff, 0x54, 0x44, 0x44, 0x55, 0x56, 0x67, 0xee, 0xee, 0xee, 0xee, 0xee,
    0xee, 0xee, 0xee, 0xee, 0xee, 0xee, 0xee, 0xe9, 0x88, 0x88, 0xee, 0xee, 0xe6, 0x55, 0x44, 0x33, 0x22, 0x21, 0x11, 0x11, 0x11, 0x11, 0x11, 0x22,
    0x23, 0x33, 0xff, 0xff, 0xee, 0xee, 0xee, 0xee, 0xee, 0xee, 0xef, 0xff, 0xf5, 0x55, 0x56, 0x66, 0xee, 0xee, 0xe7, 0x76, 0x66, 0x65, 0xf6, 0x66,
    0x66, 0x77, 0xee, 0xee, 0xe8, 0x89, 0x99, 0xee, 0xee, 0xee, 0xee, 0xee, 0xee, 0xee, 0xee, 0xee, 0xee, 0xee, 0xee, 0xe9, 0x99, 0x99, 0xee, 0xee,
    0xe7, 0x77, 0x66, 0x66, 0xff, 0xff, 0xff, 0xfe, 0xee, 0xee, 0xe6, 0x65, 0x44, 0x32, 0x21, 0x11, 0x10, 0x00, 0x00, 0x11, 0x11, 0x22, 0x34, 0x45,
    0x66, 0xee, 0xee, 0xee, 0xff, 0xf7, 0x76, 0x66, 0x55, 0x54, 0x44, 0x44, 0x44, 0x45, 0x56, 0x67, 0xee, 0xee, 0xee, 0xff, 0xf8, 0x77, 0x77, 0x78,
    0xff, 0xfe, 0xee, 0xee, 0xe8, 0x88, 0x88, 0xee, 0xee, 0xe6, 0x55, 0x44, 0x33, 0x22, 0x22, 0x11, 0x11, 0x11, 0x11, 0x11, 0x22, 0x22, 0x33, 0x34,
    0x44, 0x55, 0x55, 0x55, 0x55, 0x55, 0x55, 0x55, 0x55, 0x55, 0x55, 0x56, 0x66, 0xee, 0xee, 0xe6, 0x66, 0x65, 0x55, 0x55, 0x55, 0x66, 0x67, 0xee,
    0xee, 0xe8, 0x88, 0x99, 0xee, 0xee, 0xee, 0xff, 0xf8, 0x77, 0x77, 0x78, 0xff, 0xfe, 0xee, 0xee, 0xe9, 0x99, 0x98, 0xee, 0xee, 0xe7, 0x77, 0x66,
    0x66, 0x66, 0xff, 0xfe, 0xee, 0xee, 0xee, 0xe6, 0x65, 0x44, 0x32, 0x21, 0x11, 0x10, 0x00, 0x00, 0x11, 0x11, 0x22, 0x34, 0x45, 0x66, 0xee, 0xee,
    0xef, 0xf7, 0x77, 0x66, 0x65, 0x55, 0x44, 0x44, 0x33, 0x44, 0x44, 0x55, 0x67, 0xee, 0xee, 0xef, 0xf8, 0x77, 0x77, 0x77, 0x77, 0x88, 0xff, 0xee,
    0xee, 0xe8, 0x88, 0x88, 0xee, 0xee, 0xe6, 0x55, 0x44, 0x33, 0x32, 0x22, 0x21, 0x11, 0x11, 0x11, 0x12, 0x22, 0x22, 0x33, 0x33, 0x44, 0x44, 0x45,
    0x55, 0x55, 0x55, 0x54, 0x44, 0x44, 0x44, 0x45, 0x55, 0x66, 0xee, 0xee, 0xe6, 0x66, 0x55, 0x55, 0x55, 0x55, 0x56, 0x67, 0xee, 0xee, 0xe8, 0x88,
    0x89, 0xee, 0xee, 0xef, 0xf8, 0x87, 0x77, 0x77, 0x77, 0x88, 0xff, 0xee, 0xee, 0xe9, 0x98, 0x88, 0xee, 0xee, 0xe7, 0x76, 0x66, 0x65, 0x66, 0x6f,
    0xee, 0xee, 0xee, 0xee, 0xe6, 0x65, 0x44, 0x32, 0x21, 0x11, 0x10, 0x00, 0x00, 0x11, 0x11, 0x22, 0x33, 0x45, 0x56, 0xee, 0xee, 0xef, 0x77, 0x76,
    0x65, 0x55, 0x44, 0x44, 0x33, 0x33, 0x33, 0x44, 0x55, 0x66, 0xee, 0xee, 0xef, 0x77, 0x77, 0x76, 0x66, 0x77, 0x77, 0x8f, 0xee, 0xee, 0xe8, 0x88,
    0x88, 0xee, 0xee, 0xe6, 0x55, 0x44, 0x33, 0x32, 0x22, 0x22, 0x22, 0x21, 0x11, 0x12, 0x22, 0x22, 0x23, 0x33, 0x34, 0x44, 0x44, 0x44, 0x44, 0x44,
    0x44, 0x44, 0x44, 0x44, 0x45, 0x55, 0x66, 0xee, 0xee, 0xe6, 0x65, 0x55, 0x54, 0x44, 0x55, 0x56, 0x66, 0xee, 0xee, 0xe8, 0x88, 0x88, 0xee, 0xee,
    0xef, 0x87, 0x77, 0x76, 0x66, 0x77, 0x77, 0x8f, 0xee, 0xee, 0xe8, 0x88, 0x88, 0xee, 0xee, 0xe7, 0x66, 0x65, 0x55, 0x56, 0x6f, 0xee, 0xee, 0xee,
    0xee, 0xe6, 0x65, 0x44, 0x32, 0x21, 0x11, 0x10, 0x00, 0x00, 0x11, 0x11, 0x22, 0x33, 0x45, 0x56, 0xee, 0xee, 0xef, 0x77, 0x66, 0x55, 0x54, 0x44,
    0x33, 0x33, 0x33, 0x33, 0x44, 0x45, 0x66, 0xee, 0xee, 0xef, 0x77, 0x76, 0x66, 0x66, 0x66, 0x77, 0x7f, 0xee, 0xee, 0xe8, 0x88, 0x87, 0xee, 0xee,
    0xe6, 0x55, 0x54, 0x43, 0x33, 0x32, 0x22, 0x22, 0x22, 0x22, 0x22, 0x22, 0x22, 0x22, 0x23, 0x33, 0x33, 0x44, 0x44, 0x44, 0x44, 0x44, 0x33, 0x33,
    0x44, 0x44, 0x55, 0x56, 0xee, 0xee, 0xe6, 0x55, 0x54, 0x44, 0x44, 0x45, 0x55, 0x66, 0xee, 0xee, 0xe8, 0x88, 0x88, 0xee, 0xee, 0xef, 0x77, 0x76,
    0x66, 0x66, 0x66, 0x77, 0x7f, 0xee, 0xee, 0xe8, 0x88, 0x88, 0xee, 0xee, 0xe7, 0x66, 0x55, 0x55, 0x55, 0x6f, 0xfe, 0xee, 0xee, 0xee, 0xe6, 0x65,
    0x44, 0x32, 0x21, 0x11, 0x10, 0x00, 0x00, 0x11, 0x11, 0x22, 0x33, 0x45, 0x56, 0xee, 0xee, 0xe7, 0x66, 0x65, 0x54, 0x44, 0x33, 0x33, 0x32, 0x22,
    0x33, 0x34, 0x45, 0x56, 0xee, 0xee, 0xe7, 0x76, 0x66, 0x65, 0x55, 0x66, 0x66, 0x77, 0xee, 0xee, 0xe8, 0x87, 0x77, 0xee, 0xee, 0xe6, 0x55, 0x54,
    0x44, 0x33, 0x33, 0x32, 0x22, 0x22, 0x22, 0x22, 0x22, 0x22, 0x22, 0x22, 0x23, 0x33, 0x33, 0x33, 0x33, 0x33, 0x33, 0x33, 0x33, 0x33, 0x44, 0x45,
    0x56, 0xee, 0xee, 0xe6, 0x55, 0x54, 0x44, 0x44, 0x44, 0x55, 0x66, 0xee, 0xee, 0xe8, 0x88, 0x88, 0xee, 0xee, 0xe7, 0x77, 0x66, 0x65, 0x55, 0x66,
    0x67, 0x77, 0xee, 0xee, 0xe8, 0x88, 0x88, 0xee, 0xee, 0xe6, 0x65, 0x55, 0x55, 0x55, 0x56, 0xff, 0xee, 0xee, 0xee, 0xe6, 0x55, 0x43, 0x32, 0x21,
    0x11, 0x10, 0x00, 0x00, 0x11, 0x11, 0x22, 0x33, 0x44, 0x56, 0xee, 0xee, 0xe6, 0x66, 0x55, 0x44, 0x43, 0x33, 0x22, 0x22, 0x22, 0x23, 0x34, 0x45,
    0x56, 0xee, 0xee, 0xe6, 0x66, 0x65, 0x55, 0x55, 0x55, 0x66, 0x67, 0xee, 0xee, 0xe7, 0x77, 0x77, 0xfe, 0xee, 0xf6, 0x55, 0x55, 0x44, 0x44, 0x33,
    0x33, 0x33, 0x22, 0x22, 0x22, 0x22, 0x22, 0x22, 0x22, 0x22, 0x22, 0x23, 0x33, 0x33, 0x33, 0x33, 0x33, 0x33, 0x33, 0x34, 0x45, 0x55, 0xee, 0xee,
    0xe5, 0x55, 0x44, 0x43, 0x33, 0x44, 0x45, 0x56, 0xee, 0xee, 0xe7, 0x88, 0x88, 0xee, 0xee, 0xe7, 0x66, 0x65, 0x55, 0x55, 0x55, 0x66, 0x67, 0xee,
    0xee, 0xe8, 0x88, 0x88, 0xee, 0xee, 0xe6, 0x65, 0x55, 0x44, 0x55, 0x55, 0x66, 0xfe, 0xee, 0xee, 0xe6, 0x55, 0x43, 0x32, 0x21, 0x11, 0x10, 0x00,
    0x00, 0x01, 0x11, 0x22, 0x33, 0x44, 0x55, 0xee, 0xee, 0xe6, 0x65, 0x54, 0x44, 0x33, 0x22, 0x22, 0x22, 0x22, 0x22, 0x33, 0x44, 0x55, 0xee, 0xee,
    0xe6, 0x65, 0x55, 0x54, 0x44, 0x55, 0x56, 0x66, 0xee, 0xee, 0xe7, 0x77, 0x77, 0xfe, 0xee, 0xf6, 0x65, 0x55, 0x54, 0x44, 0x44, 0x33, 0x33, 0x3f,
    0xff, 0x22, 0x21, 0x11, 0x11, 0x22, 0x22, 0x22, 0x22, 0x22, 0x22, 0x22, 0x22, 0x22, 0x22, 0x33, 0x34, 0x44, 0x55, 0xee, 0xee, 0xe5, 0x54, 0x44,
    0x33, 0x33, 0x34, 0x45, 0x56, 0xee, 0xee, 0xe7, 0x77, 0x77, 0xee, 0xee, 0xe6, 0x66, 0x55, 0x54, 0x44, 0x55, 0x56, 0x66, 0xee, 0xee, 0xe7, 0x77,
    0x77, 0xee, 0xee, 0xe6, 0x55, 0x54, 0x44, 0x44, 0x55, 0x66, 0x6f, 0xee, 0xee, 0xe6, 0x55, 0x43, 0x32, 0x21, 0x11, 0x00, 0x00, 0x00, 0x01, 0x11,
    0x22, 0x23, 0x44, 0x55, 0xee, 0xee, 0xe6, 0x55, 0x44, 0x43, 0x32, 0x22, 0x22, 0x11, 0x22, 0x22, 0x33, 0x44, 0x55, 0xee, 0xee, 0xe6, 0x55, 0x54,
    0x44, 0x44, 0x44, 0x55, 0x56, 0xee, 0xee, 0xe7, 0x66, 0x66, 0xfe, 0xee, 0xf6, 0x65, 0x55, 0x55, 0x44, 0x44, 0x44, 0x33, 0xff, 0xff, 0x22, 0x21,
    0x11, 0x11, 0x11, 0x11, 0x12, 0x22, 0x22, 0x22, 0x22, 0x22, 0x22, 0x22, 0x23, 0x33, 0x44, 0x55, 0xee, 0xee, 0xe5, 0x54, 0x43, 0x33, 0x33, 0x34,
    0x44, 0x55, 0xee, 0xee, 0xe7, 0x77, 0x77, 0xee, 0xee, 0xe6, 0x65, 0x54, 0x44, 0x44, 0x44, 0x55, 0x66, 0xee, 0xee, 0xe7, 0x77, 0x77, 0xee, 0xee,
    0xe5, 0x55, 0x44, 0x44, 0x44, 0x45, 0x56, 0x6f, 0xee, 0xee, 0xe5, 0x54, 0x43, 0x32, 0x21, 0x11, 0x00, 0x00, 0x00, 0x01, 0x11, 0x12, 0x23, 0x34,
    0x45, 0xee, 0xee, 0xe5, 0x54, 0x44, 0x33, 0x22, 0x22, 0x11, 0x11, 0x12, 0x22, 0x23, 0x34, 0x45, 0xee, 0xee, 0xe5, 0x55, 0x44, 0x44, 0x34, 0x44,
    0x45, 0x55, 0xee, 0xee, 0xe6, 0x66, 0x66, 0xff, 0xee, 0xff, 0x65, 0x55, 0x55, 0x55, 0x44, 0x44, 0x43, 0xff, 0xff, 0x22, 0x21, 0x11, 0x11, 0x11,
    0x11, 0x11, 0x11, 0x11, 0x11, 0x11, 0x11, 0x11, 0x22, 0x22, 0x33, 0x34, 0x45, 0xee, 0xee, 0xe5, 0x44, 0x43, 0x33, 0x33, 0x33, 0x44, 0x55, 0xee,
    0xee, 0xe7, 0x77, 0x77, 0xee, 0xee, 0xe6, 0x55, 0x44, 0x44, 0x34, 0x44, 0x45, 0x56, 0xee, 0xee, 0xe7, 0x77, 0x77, 0xee, 0xee, 0xe5, 0x54, 0x44,
    0x43, 0x44, 0x44, 0x55, 0x6f, 0xee, 0xee, 0xe5, 0x54, 0x43, 0x22, 0x21, 0x11, 0x00, 0x00, 0x00, 0x01, 0x11, 0x12, 0x23, 0x34, 0x44, 0xfe, 0xee,
    0xf5, 0x44, 0x43, 0x32, 0x22, 0x11, 0x11, 0x11, 0x11, 0x22, 0x23, 0x34, 0x44, 0xfe, 0xee, 0xf5, 0x44, 0x44, 0x33, 0x33, 0x34, 0x44, 0x55, 0xfe,
    0xee, 0xe6, 0x66, 0x65, 0x55, 0xff, 0xff, 0xf5, 0x55, 0x55, 0x55, 0x55, 0x44, 0xff, 0xff, 0xf2, 0x22, 0x21, 0x11, 0x11, 0x11, 0x11, 0x11, 0x11,
    0x11, 0x11, 0x11, 0x11, 0x11, 0x12, 0x22, 0x23, 0x34, 0x44, 0xfe, 0xee, 0xf4, 0x44, 0x33, 0x33, 0x33, 0x33, 0x34, 0x45, 0xfe, 0xee, 0xe6, 0x66,
    0x66, 0xee, 0xee, 0xf5, 0x54, 0x44, 0x33, 0x33, 0x34, 0x44, 0x55, 0xfe, 0xee, 0xe6, 0x66, 0x66, 0xee, 0xee, 0xf5, 0x44, 0x43, 0x33, 0x33, 0x44,
    0x45, 0x55, 0xee, 0xee, 0xf5, 0x44, 0x33, 0x22, 0x11, 0x11, 0x00, 0x00, 0x00, 0x01, 0x11, 0x12, 0x22, 0x33, 0x44, 0xfe, 0xee, 0xf4, 0x44, 0x33,
    0x22, 0x21, 0x11, 0x11, 0x11, 0x11, 0x12, 0x23, 0x33, 0x44, 0xfe, 0xee, 0xf4, 0x44, 0x33, 0x33, 0x33, 0x33, 0x34, 0x45, 0xfe, 0xee, 0xf5, 0x55,
    0x55, 0x55, 0x55, 0xff, 0xff, 0xff, 0xee, 0xee, 0xef, 0xff, 0xff, 0xf3, 0x32, 0x22, 0x21, 0x11, 0x11, 0x11, 0x11, 0x11, 0x11, 0x11, 0x11, 0x11,
    0x11, 0x11, 0x11, 0x22, 0x23, 0x33, 0x44, 0xfe, 0xee, 0xf4, 0x43, 0x33, 0x32, 0x22, 0x33, 0x34, 0x44, 0xfe, 0xee, 0xf6, 0x66, 0x66, 0xfe, 0xee,
    0xf5, 0x44, 0x43, 0x33, 0x33, 0x33, 0x44, 0x45, 0xfe, 0xee, 0xf6, 0x66, 0x66, 0xfe, 0xee, 0xf4, 0x44, 0x33, 0x33, 0x33, 0x34, 0x44, 0x55, 0xfe,
    0xee, 0xf4, 0x44, 0x33, 0x22, 0x11, 0x11, 0x00, 0x00, 0x00, 0x01, 0x11, 0x12, 0x22, 0x33, 0x34, 0xfe, 0xee, 0xf4, 0x43, 0x33, 0x22, 0x11, 0x11,
    0x11, 0x11, 0x11, 0x12, 0x22, 0x33, 0x34, 0xfe, 0xee, 0xf4, 0x43, 0x33, 0x32, 0x22, 0x33, 0x33, 0x44, 0xfe, 0xee, 0xf5, 0x55, 0x55, 0x55, 0x55,
    0x5f, 0xee, 0xee, 0xee, 0xee, 0xee, 0xee, 0xef, 0x33, 0x32, 0x22, 0x11, 0x11, 0x11, 0x11, 0x00, 0x00, 0x00, 0x01, 0x11, 0x11, 0x11, 0x11, 0x11,
    0x12, 0x22, 0x33, 0x34, 0xfe, 0xee, 0xf4, 0x33, 0x33, 0x22, 0x22, 0x23, 0x33, 0x44, 0xfe, 0xee, 0xf5, 0x55, 0x55, 0xfe, 0xee, 0xf4, 0x44, 0x33,
    0x32, 0x22, 0x33, 0x34, 0x44, 0xfe, 0xee, 0xf5, 0x55, 0x55, 0xfe, 0xee, 0xf4, 0x43, 0x33, 0x33, 0x33, 0x33, 0x44, 0x44, 0xfe, 0xee, 0xf4, 0x43,
    0x32, 0x22, 0x11, 0x11, 0x00, 0x00, 0x00, 0x00, 0x11, 0x11, 0x22, 0x23, 0x33, 0xfe, 0xee, 0xf3, 0x33, 0x32, 0x22, 0x11, 0x11, 0x11, 0x11, 0x11,
    0x11, 0x22, 0x23, 0x33, 0xfe, 0xee, 0xf4, 0x33, 0x32, 0x22, 0x22, 0x22, 0x33, 0x34, 0xfe, 0xee, 0xf4, 0x44, 0x44, 0x44, 0x44, 0x5f, 0xee, 0xee,
    0xee, 0xee, 0xee, 0xee, 0xef, 0x33, 0x32, 0x22, 0x11, 0x11, 0x11, 0x00, 0x00, 0x00, 0x00, 0x00, 0x00, 0x00, 0x00, 0x11, 0x11, 0x11, 0x22, 0x23,
    0x33, 0xfe, 0xee, 0xf3, 0x33, 0x32, 0x22, 0x22, 0x22, 0x33, 0x34, 0xfe, 0xee, 0xf5, 0x55, 0x55, 0xfe, 0xee, 0xf4, 0x33, 0x33, 0x22, 0x22, 0x23,
    0x33, 0x34, 0xfe, 0xee, 0xf5, 0x55, 0x55, 0xfe, 0xee, 0xf4, 0x33, 0x33, 0x22, 0x22, 0x33, 0x33, 0x44, 0xfe, 0xee, 0xf4, 0x33, 0x32, 0x21, 0x11,
    0x10, 0x00, 0x00, 0x00, 0x00, 0x11, 0x11, 0x22, 0x22, 0x33, 0x3f, 0xff, 0x33, 0x33, 0x22, 0x21, 0x11, 0x11, 0x00, 0x01, 0x11, 0x11, 0x22, 0x22,
    0x33, 0x3f, 0xff, 0x33, 0x33, 0x22, 0x22, 0x22, 0x22, 0x23, 0x33, 0x3f, 0xff, 0x44, 0x44, 0x44, 0x44, 0x44, 0x44, 0xfe, 0xee, 0xee, 0xee, 0xee,
    0xee, 0xf4, 0x33, 0x32, 0x22, 0x11, 0x11, 0x10, 0x00, 0x00, 0x00, 0x00, 0x00, 0x00, 0x00, 0x00, 0x01, 0x11, 0x11, 0x22, 0x22, 0x33, 0x3f, 0xff,
    0x33, 0x33, 0x22, 0x22, 0x22, 0x22, 0x23, 0x33, 0x4f, 0xff, 0x44, 0x44, 0x44, 0x4f, 0xff, 0x43, 0x33, 0x22, 0x22, 0x22, 0x22, 0x23, 0x33, 0x4f,
    0xff, 0x44, 0x44, 0x44, 0x4f, 0xff, 0x43, 0x33, 0x22, 0x22, 0x22, 0x22, 0x33, 0x33, 0x4f, 0xff, 0x33, 0x33, 0x22, 0x21, 0x11, 0x10, 0x00, 0x00,
    0x00, 0x00, 0x01, 0x11, 0x12, 0x22, 0x23, 0x33, 0xf3, 0x33, 0x22, 0x22, 0x11, 0x11, 0x10, 0x00, 0x00, 0x11, 0x11, 0x12, 0x22, 0x23, 0x33, 0xf3,
    0x33, 0x32, 0x22, 0x22, 0x22, 0x22, 0x22, 0x33, 0x33, 0xf3, 0x33, 0x33, 0x33, 0x33, 0x34, 0x44, 0x4f, 0xff, 0xfe, 0xee, 0xff, 0xff, 0x43, 0x33,
    0x22, 0x21, 0x11, 0x11, 0x00, 0x00, 0x00, 0x00, 0x00, 0x00, 0x00, 0x00, 0x00, 0x00, 0x11, 0x11, 0x12, 0x22, 0x23, 0x33, 0xf3, 0x33, 0x22, 0x22,
    0x22, 0x12, 0x22, 0x22, 0x33, 0x33, 0xf4, 0x44, 0x44, 0x44, 0x44, 0xf3, 0x33, 0x32, 0x22, 0x22, 0x22, 0x22, 0x22, 0x33, 0x33, 0xf4, 0x44, 0x44,
    0x44, 0x44, 0xf3, 0x33, 0x32, 0x22, 0x22, 0x22, 0x22, 0x23, 0x33, 0x33, 0xf3, 0x33, 0x32, 0x22, 0x11, 0x11, 0x00, 0x00, 0x00, 0x00, 0x00, 0x01,
    0x11, 0x11, 0x22, 0x22, 0x23, 0x33, 0x22, 0x22, 0x21, 0x11, 0x11, 0x00, 0x00, 0x00, 0x01, 0x11, 0x11, 0x22, 0x22, 0x23, 0x33, 0x22, 0x22, 0x22,
    0x11, 0x11, 0x12, 0x22, 0x22, 0x33, 0x33, 0x33, 0x33, 0x33, 0x33, 0x33, 0x34, 0x44, 0x44, 0x44, 0x44, 0x44, 0x44, 0x33, 0x32, 0x22, 0x21, 0x11,
    0x11, 0x00, 0x00, 0x00, 0x00, 0x00, 0x00, 0x00, 0x00, 0x00, 0x00, 0x01, 0x11, 0x11, 0x22, 0x22, 0x23, 0x33, 0x22, 0x22, 0x22, 0x11, 0x11, 0x12,
    0x22, 0x22, 0x33, 0x33, 0x33, 0x33, 0x33, 0x33, 0x33, 0x33, 0x22, 0x22, 0x11, 0x11, 0x12, 0x22, 0x23, 0x33, 0x33, 0x33, 0x33, 0x33, 0x33, 0x33,
    0x32, 0x22, 0x22, 0x21, 0x11, 0x22, 0x22, 0x23, 0x33, 0x33, 0x32, 0x22, 0x21, 0x11, 0x11, 0x00, 0x00, 0x00, 0x00, 0x00, 0x00, 0x11, 0x11, 0x12,
    0x22, 0x22, 0x22, 0x22, 0x22, 0x11, 0x11, 0x10, 0x00, 0x00, 0x00, 0x00, 0x11, 0x11, 0x12, 0x22, 0x22, 0x22, 0x22, 0x22, 0x11, 0x11, 0x11, 0x11,
    0x22, 0x22, 0x22, 0x22, 0x22, 0x22, 0x22, 0x22, 0x33, 0x33, 0x34, 0x44, 0x44, 0x44, 0x44, 0x43, 0x33, 0x32, 0x22, 0x11, 0x11, 0x10, 0x00, 0x00,
    0x00, 0x00, 0x00, 0x00, 0x00, 0x00, 0x00, 0x00, 0x00, 0x11, 0x11, 0x12, 0x22, 0x22, 0x22, 0x22, 0x22, 0x11, 0x11, 0x11, 0x11, 0x22, 0x22, 0x22,
    0x33, 0x33, 0x33, 0x33, 0x33, 0x32, 0x22, 0x22, 0x21, 0x11, 0x11, 0x11, 0x22, 0x22, 0x22, 0x33, 0x33, 0x33, 0x33, 0x33, 0x32, 0x22, 0x22, 0x21,
    0x11, 0x11, 0x11, 0x22, 0x22, 0x22, 0x22, 0x22, 0x22, 0x11, 0x11, 0x10, 0x00, 0x00, 0x00, 0x00, 0x00, 0x00, 0x11, 0x11, 0x11, 0x12, 0x22, 0x22,
    0x22, 0x11, 0x11, 0x11, 0x10, 0x00, 0x00, 0x00, 0x00, 0x11, 0x11, 0x11, 0x12, 0x22, 0x22, 0x22, 0x21, 0x11, 0x11, 0x11, 0x11, 0x11, 0x22, 0x22,
    0x22, 0x22, 0x22, 0x22, 0x22, 0x22, 0x33, 0x33, 0x33, 0x44, 0x44, 0x33, 0x33, 0x32, 0x22, 0x21, 0x11, 0x11, 0x00, 0x00, 0x00, 0x00, 0x00, 0x00,
    0x00, 0x00, 0x00, 0x00, 0x00, 0x00, 0x11, 0x11, 0x11, 0x12, 0x22, 0x22, 0x22, 0x11, 0x11, 0x11, 0x11, 0x11, 0x11, 0x22, 0x22, 0x22, 0x22, 0x22,
    0x22, 0x22, 0x22, 0x22, 0x21, 0x11, 0x11, 0x11, 0x11, 0x11, 0x22, 0x22, 0x22, 0x22, 0x22, 0x22, 0x22, 0x22, 0x22, 0x21, 0x11, 0x11, 0x11, 0x11,
    0x11, 0x22, 0x22, 0x22, 0x22, 0x21, 0x11, 0x11, 0x10, 0x00, 0x00, 0x00, 0x00, 0x00, 0x00, 0x01, 0x11, 0x11, 0x11, 0x11, 0x11, 0x11, 0x11, 0x11,
    0x11, 0x00, 0x00, 0x00, 0x00, 0x00, 0x01, 0x11, 0x11, 0x11, 0x11, 0x11, 0x11, 0x11, 0x11, 0x11, 0x11, 0x11, 0x11, 0x11, 0x12, 0x22, 0x22, 0x22,
    0x22, 0x22, 0x22, 0x22, 0x33, 0x33, 0x33, 0x33, 0x33, 0x33, 0x22, 0x22, 0x11, 0x11, 0x11, 0x00, 0x00, 0x00, 0x00, 0x00, 0x00, 0x00, 0x00, 0x00,
    0x00, 0x00, 0x00, 0x01, 0x11, 0x11, 0x11, 0x11, 0x11, 0x11, 0x11, 0x11, 0x11, 0x11, 0x11, 0x11, 0x11, 0x22, 0x22, 0x22, 0x22, 0x22, 0x22, 0x22,
    0x21, 0x11, 0x11, 0x11, 0x11, 0x11, 0x11, 0x11, 0x22, 0x22, 0x22, 0x22, 0x22, 0x22, 0x22, 0x21, 0x11, 0x11, 0x11, 0x11, 0x11, 0x11, 0x11, 0x12,
    0x22, 0x11, 0x11, 0x11, 0x11, 0x00, 0x00, 0x00, 0x00, 0x00, 0x00, 0x00, 0x00, 0x11, 0x11, 0x11, 0x11, 0x11, 0x11, 0x11, 0x11, 0x10, 0x00, 0x00,
    0x00, 0x00, 0x00, 0x00, 0x11, 0x11, 0x11, 0x11, 0x11, 0x11, 0x11, 0x11, 0x11, 0x11, 0x11, 0x11, 0x11, 0x11, 0x11, 0x11, 0x11, 0x11, 0x11, 0x12,
    0x22, 0x22, 0x22, 0x33, 0x33, 0x32, 0x22, 0x22, 0x21, 0x11, 0x11, 0x10, 0x00, 0x00, 0x00, 0x00, 0x00, 0x00, 0x00, 0x00, 0x00, 0x00, 0x00, 0x00,
    0x00, 0x11, 0x11, 0x11, 0x11, 0x11, 0x11, 0x11, 0x11, 0x11, 0x11, 0x11, 0x11, 0x11, 0x11, 0x11, 0x11, 0x22, 0x21, 0x11, 0x11, 0x11, 0x11, 0x11,
    0x11, 0x11, 0x11, 0x11, 0x11, 0x11, 0x11, 0x11, 0x22, 0x21, 0x11, 0x11, 0x11, 0x11, 0x11, 0x11, 0x11, 0x11, 0x11, 0x11, 0x11, 0x11, 0x11, 0x11,
    0x11, 0x10, 0x00, 0x00, 0x00, 0x00, 0x00, 0x00, 0x00, 0x00, 0x00, 0x11, 0x11, 0x11, 0x11, 0x11, 0x11, 0x10, 0x00, 0x00, 0x00, 0x00, 0x00, 0x00,
    0x00, 0x00, 0x11, 0x11, 0x11, 0x11, 0x11, 0x11, 0x11, 0x10, 0x00, 0x11, 0x11, 0x11, 0x11, 0x11, 0x11, 0x11, 0x11, 0x11, 0x11, 0x12, 0x22, 0x22,
    0x22, 0x22, 0x22, 0x22, 0x21, 0x11, 0x11, 0x11, 0x00, 0x00, 0x00, 0x00, 0x00, 0x00, 0x00, 0x00, 0x00, 0x00, 0x00, 0x00, 0x00, 0x00, 0x00, 0x11,
    0x11, 0x11, 0x11, 0x11, 0x11, 0x11, 0x10, 0x00, 0x11, 0x11, 0x11, 0x11, 0x11, 0x11, 0x11, 0x11, 0x11, 0x11, 0x11, 0x11, 0x11, 0x10, 0x00, 0x11,
    0x11, 0x11, 0x11, 0x11, 0x11, 0x11, 0x11, 0x11, 0x11, 0x11, 0x11, 0x11, 0x10, 0x00, 0x11, 0x11, 0x11, 0x11, 0x11, 0x11, 0x11, 0x11, 0x00, 0x00,
    0x00, 0x00, 0x00, 0x00, 0x00, 0x00, 0x00, 0x00, 0x01, 0x11, 0x11, 0x11, 0x11, 0x11, 0x00, 0x00, 0x00, 0x00, 0x00, 0x00, 0x00, 0x00, 0x00, 0x01,
    0x11, 0x11, 0x11, 0x11, 0x11, 0x00, 0x00, 0x00, 0x00, 0x01, 0x11, 0x11, 0x11, 0x11, 0x11, 0x11, 0x11, 0x11, 0x11, 0x11, 0x22, 0x22, 0x22, 0x22,
    0x21, 0x11, 0x11, 0x11, 0x10, 0x00, 0x00, 0x00, 0x00, 0x00, 0x00, 0x00, 0x00, 0x00, 0x00, 0x00, 0x00, 0x00, 0x00, 0x00, 0x01, 0x11, 0x11, 0x11,
    0x11, 0x11, 0x00, 0x00, 0x00, 0x00, 0x01, 0x11, 0x11, 0x11, 0x11, 0x11, 0x11, 0x11, 0x11, 0x11, 0x11, 0x00, 0x00, 0x00, 0x00, 0x01, 0x11, 0x11,
    0x11, 0x11, 0x11, 0x11, 0x11, 0x11, 0x11, 0x11, 0x00, 0x00, 0x00, 0x00, 0x01, 0x11, 0x11, 0x11, 0x11, 0x11, 0x00, 0x00, 0x00, 0x00, 0x00, 0x00,
    0x00, 0x00, 0x00, 0x00, 0x00, 0x00, 0x00, 0x01, 0x11, 0x00, 0x00, 0x00, 0x00, 0x00, 0x00, 0x00, 0x00, 0x00, 0x00, 0x00, 0x00, 0x00, 0x01, 0x11,
    0x00, 0x00, 0x00, 0x00, 0x00, 0x00, 0x00, 0x00, 0x11, 0x11, 0x11, 0x11, 0x11, 0x11, 0x11, 0x11, 0x11, 0x11, 0x11, 0x11, 0x11, 0x11, 0x11, 0x11,
    0x11, 0x00, 0x00, 0x00, 0x00, 0x00, 0x00, 0x00, 0x00, 0x00, 0x00, 0x00, 0x00, 0x00, 0x00, 0x00, 0x00, 0x00, 0x00, 0x01, 0x11, 0x00, 0x00, 0x00,
    0x00, 0x00, 0x00, 0x00, 0x01, 0x11, 0x11, 0x11, 0x11, 0x11, 0x11, 0x11, 0x11, 0x00, 0x00, 0x00, 0x00, 0x00, 0x00, 0x01, 0x11, 0x11, 0x11, 0x11,
    0x11, 0x11, 0x11, 0x11, 0x00, 0x00, 0x00, 0x00, 0x00, 0x00, 0x00, 0x11, 0x11, 0x10, 0x00, 0x00, 0x00, 0x00, 0x00, 0x00, 0x00, 0x00, 0x00, 0x00,
    0x00, 0x00, 0x00, 0x00, 0x00, 0x00, 0x00, 0x00, 0x00, 0x00, 0x00, 0x00, 0x00, 0x00, 0x00, 0x00, 0x00, 0x00, 0x00, 0x00, 0x00, 0x00, 0x00, 0x00,
    0x00, 0x00, 0x00, 0x00, 0x00, 0x00, 0x00, 0x00, 0x00, 0x00, 0x00, 0x11, 0x11, 0x11, 0x11, 0x11, 0x11, 0x11, 0x11, 0x11, 0x11, 0x00, 0x00, 0x00,
    0x00, 0x00, 0x00, 0x00, 0x00, 0x00, 0x00, 0x00, 0x00, 0x00, 0x00, 0x00, 0x00, 0x00, 0x00, 0x00, 0x00, 0x00, 0x00, 0x00, 0x00, 0x00, 0x00, 0x00,
    0x00, 0x00, 0x00, 0x00, 0x00, 0x00, 0x00, 0x00, 0x00, 0x00, 0x00, 0x00, 0x00, 0x00, 0x00, 0x00, 0x00, 0x00, 0x00, 0x00, 0x00, 0x00, 0x00, 0x00,
    0x00, 0x00, 0x00, 0x00, 0x00, 0x00, 0x00, 0x00, 0x00, 0x00, 0x00, 0x00, 0x00, 0x00, 0x00, 0x00, 0x00, 0x00, 0x00, 0x00, 0x00, 0x00, 0x00, 0x00,
    0x00, 0x00, 0x00, 0x00, 0x00, 0x00, 0x00, 0x00, 0x00, 0x00, 0x00, 0x00, 0x00, 0x00, 0x00, 0x00, 0x00, 0x00, 0x00, 0x00, 0x00, 0x00, 0x00, 0x00,
    0x00, 0x00, 0x00, 0x00, 0x00, 0x00, 0x00, 0x00, 0x00, 0x01, 0x11, 0x11, 0x11, 0x11, 0x11, 0x11, 0x11, 0x00, 0x00, 0x00, 0x00, 0x00, 0x00, 0x00,
    0x00, 0x00, 0x00, 0x00, 0x00, 0x00, 0x00, 0x00, 0x00, 0x00, 0x00, 0x00, 0x00, 0x00, 0x00, 0x00, 0x00, 0x00, 0x00, 0x00, 0x00, 0x00, 0x00, 0x00,
    0x00, 0x00, 0x00, 0x00, 0x00, 0x00, 0x00, 0x00, 0x00, 0x00, 0x00, 0x00, 0x00, 0x00, 0x00, 0x00, 0x00, 0x00, 0x00, 0x00, 0x00, 0x00, 0x00, 0x00,
    0x00, 0x00, 0x00, 0x00, 0x00, 0x00, 0x00, 0x00, 0x00, 0x00, 0x00, 0x00, 0x00, 0x00, 0x00, 0x00, 0x00, 0x00, 0x00, 0x00, 0x00, 0x00, 0x00, 0x00,
    0x00, 0x00, 0x00, 0x00, 0x00, 0x00, 0x00, 0x00, 0x00, 0x00, 0x00, 0x00, 0x00, 0x00, 0x00, 0x00, 0x00, 0x00, 0x00, 0x00, 0x00, 0x00, 0x00, 0x00,
    0x00, 0x00, 0x00, 0x00, 0x00, 0x00, 0x00, 0x00, 0x11, 0x11, 0x11, 0x11, 0x00, 0x00, 0x00, 0x00, 0x00, 0x00, 0x00, 0x00, 0x00, 0x00, 0x00, 0x00,
    0x00, 0x00, 0x00, 0x00, 0x00, 0x00, 0x00, 0x00, 0x00, 0x00, 0x00, 0x00, 0x00, 0x00, 0x00, 0x00, 0x00, 0x00, 0x00, 0x00, 0x00, 0x00, 0x00, 0x00,
    0x00, 0x00, 0x00, 0x00, 0x00, 0x00, 0x00, 0x00, 0x00, 0x00, 0x00, 0x00, 0x00, 0x00, 0x00, 0x00, 0x00, 0x00, 0x00, 0x00, 0x00, 0x00, 0x00, 0x00,
    0x00, 0x00, 0x00, 0x00, 0x00, 0x00, 0x00, 0x00, 0x00, 0x00, 0x00, 0x00, 0x00, 0x00, 0x00, 0x00, 0x00, 0x00, 0x00, 0x00, 0x00, 0x00, 0x00, 0x00,
    0x00, 0x00, 0x00, 0x00, 0x00, 0x00, 0x00, 0x00, 0x00, 0x00, 0x00, 0x00, 0x00, 0x00, 0x00, 0x00, 0x00, 0x00, 0x00, 0x00, 0x00, 0x00, 0x00, 0x00,
    0x00, 0x00, 0x00, 0x00, 0x00, 0x00, 0x00, 0x00, 0x00, 0x00, 0x00, 0x00, 0x00, 0x00, 0x00, 0x00, 0x00, 0x00, 0x00, 0x00, 0x00, 0x00, 0x00, 0x00,
    0x00, 0x00, 0x00, 0x00, 0x00, 0x00, 0x00, 0x00, 0x00, 0x00, 0x00, 0x00, 0x00, 0x00, 0x00, 0x00, 0x00, 0x00, 0x00, 0x00, 0x00, 0x00, 0x00, 0x00,
    0x00, 0x00, 0x00, 0x00, 0x00, 0x00, 0x00, 0x00, 0x00, 0x00, 0x00, 0x00, 0x00, 0x00, 0x00, 0x00, 0x00, 0x00, 0x00, 0x00, 0x00, 0x00, 0x00, 0x00,
    0x00, 0x00, 0x00, 0x00, 0x00, 0x00, 0x00, 0x00, 0x00, 0x00, 0x00, 0x00, 0x00, 0x00, 0x00, 0x00, 0x00, 0x00, 0x00, 0x00, 0x00, 0x00, 0x00, 0x00,
    0x00, 0x00, 0x00, 0x00, 0x00, 0x00, 0x00, 0x00, 0x00, 0x00, 0x00, 0x00, 0x00, 0x00, 0x00, 0x00, 0x00, 0x00, 0x00, 0x00, 0x00, 0x00, 0x00, 0x00,
    0x00, 0x00, 0x00, 0x00, 0x00, 0x00, 0x00, 0x00, 0x00, 0x00, 0x00, 0x00, 0x00, 0x00, 0x00, 0x00, 0x00, 0x00, 0x00, 0x00, 0x00, 0x00, 0x00, 0x00,
    0x00, 0x00, 0x00, 0x00, 0x00, 0x00, 0x00, 0x00, 0x00, 0x00, 0x00, 0x00, 0x00, 0x00, 0x00, 0x00, 0x00, 0x00, 0x00, 0x00, 0x00, 0x00, 0x00, 0x00,
    0x00, 0x00, 0x00, 0x00, 0x00, 0x00, 0x00, 0x00, 0x00, 0x00, 0x00, 0x00, 0x00, 0x00, 0x00, 0x00, 0x00, 0x00, 0x00, 0x00, 0x00, 0x00, 0x00, 0x00,
    0x00, 0x00, 0x00, 0x00, 0x00, 0x00, 0x00, 0x00, 0x00, 0x00, 0x00, 0x00, 0x00, 0x00, 0x00, 0x00, 0x00, 0x00, 0x00, 0x00, 0x00, 0x00, 0x00, 0x00,
    0x00, 0x00, 0x00, 0x00, 0x00, 0x00, 0x00, 0x00, 0x00, 0x00, 0x00, 0x00, 0x00, 0x00, 0x00, 0x00, 0x00, 0x00, 0x00, 0x00, 0x00, 0x00, 0x00, 0x00,
    0x00, 0x00, 0x00, 0x00, 0x00, 0x00, 0x00, 0x00, 0x00, 0x00, 0x00, 0x00, 0x00, 0x00, 0x00, 0x00, 0x00, 0x00, 0x00, 0x00, 0x00, 0x00, 0x00, 0x00,
    0x00, 0x00, 0x00, 0x00, 0x00, 0x00, 0x00, 0x00, 0x00, 0x00, 0x00, 0x00, 0x00, 0x00, 0x00, 0x00, 0x00, 0x00, 0x00, 0x00, 0x00, 0x00, 0x00, 0x00,
    0x00, 0x00, 0x00, 0x00, 0x00, 0x00, 0x00, 0x00, 0x00, 0x00, 0x00, 0x00, 0x00, 0x00, 0x00, 0x00, 0x00, 0x00, 0x00, 0x00, 0x00, 0x00, 0x00, 0x00,
    0x00, 0x00, 0x00,
};
const pac_image_t PAC_LOGO_BIG = { 234, 63, logo_big };

static const uint8_t logo_small[1470] = {
    0x00, 0x00, 0x00, 0x00, 0x00, 0x00, 0x00, 0x00, 0x00, 0x00, 0x00, 0x00, 0x00, 0x00, 0x00, 0x00, 0x00, 0x00, 0x00, 0x00, 0x00, 0x00, 0x00, 0x00,
    0x00, 0x00, 0x00, 0x00, 0x00, 0x00, 0x00, 0x00, 0x00, 0x00, 0x00, 0x00, 0x00, 0x00, 0x00, 0x00, 0x00, 0x00, 0x00, 0x00, 0x00, 0x00, 0x00, 0x00,
    0x00, 0x00, 0x00, 0x00, 0x00, 0x00, 0x00, 0x00, 0x00, 0x00, 0x00, 0x00, 0x00, 0x00, 0x00, 0x00, 0x00, 0x00, 0x00, 0x00, 0x00, 0x00, 0x00, 0x00,
    0x00, 0x00, 0x00, 0x00, 0x00, 0x00, 0x00, 0x00, 0x00, 0x00, 0x00, 0x00, 0x00, 0x00, 0x00, 0x00, 0x00, 0x00, 0x00, 0x00, 0x00, 0x00, 0x00, 0x00,
    0x00, 0x00, 0x00, 0x00, 0x00, 0x00, 0x00, 0x11, 0x11, 0x00, 0x00, 0x00, 0x00, 0x00, 0x00, 0x00, 0x00, 0x00, 0x00, 0x00, 0x00, 0x00, 0x00, 0x00,
    0x00, 0x00, 0x00, 0x00, 0x00, 0x00, 0x00, 0x00, 0x00, 0x00, 0x00, 0x00, 0x00, 0x00, 0x00, 0x00, 0x00, 0x00, 0x00, 0x00, 0x00, 0x00, 0x00, 0x00,
    0x00, 0x00, 0x00, 0x00, 0x00, 0x00, 0x01, 0x11, 0x11, 0x11, 0x11, 0x11, 0x00, 0x11, 0x11, 0x11, 0x11, 0x11, 0x00, 0x11, 0x11, 0x11, 0x11, 0x10,
    0x00, 0x00, 0x00, 0x00, 0x00, 0x00, 0x00, 0x00, 0x00, 0x00, 0x00, 0x11, 0x11, 0x11, 0x11, 0x11, 0x11, 0x11, 0x10, 0x00, 0x00, 0x00, 0x00, 0x00,
    0x00, 0x00, 0x00, 0x00, 0x00, 0x00, 0x01, 0x11, 0x12, 0x22, 0x22, 0x11, 0x11, 0x11, 0x11, 0x11, 0x11, 0x11, 0x11, 0x11, 0x11, 0x11, 0x11, 0x11,
    0x11, 0x00, 0x00, 0x00, 0x00, 0x00, 0x00, 0x11, 0x11, 0x11, 0x11, 0x11, 0x11, 0x11, 0x11, 0x11, 0x11, 0x11, 0x11, 0x11, 0x11, 0x11, 0x11, 0x11,
    0x11, 0x10, 0x00, 0x00, 0x00, 0x00, 0x00, 0x11, 0x12, 0x22, 0x33, 0x32, 0x22, 0x21, 0x11, 0x12, 0x22, 0x22, 0x22, 0x21, 0x11, 0x12, 0x22, 0x22,
    0x22, 0x11, 0x11, 0x00, 0x00, 0x00, 0x00, 0x01, 0x11, 0x11, 0x11, 0x11, 0x11, 0x22, 0x22, 0x22, 0x22, 0x22, 0x22, 0x22, 0x21, 0x11, 0x11, 0x11,
    0x11, 0x11, 0x11, 0x10, 0x00, 0x00, 0x00, 0x00, 0x11, 0x22, 0x33, 0x44, 0x43, 0x33, 0x22, 0x22, 0x22, 0x33, 0x33, 0x33, 0x22, 0x22, 0x22, 0x33,
    0x33, 0x32, 0x22, 0x11, 0x00, 0x00, 0x00, 0x00, 0x11, 0x12, 0x22, 0x22, 0x22, 0x22, 0x22, 0x22, 0x23, 0x33, 0x33, 0x33, 0x32, 0x22, 0x22, 0x22,
    0x11, 0x12, 0x22, 0x11, 0x11, 0x00, 0x00, 0x00, 0x01, 0x12, 0x23, 0x44, 0x55, 0x54, 0x44, 0x33, 0x33, 0x33, 0x44, 0x44, 0x44, 0x33, 0x33, 0x33,
    0x44, 0x44, 0x33, 0x22, 0x11, 0x10, 0x00, 0x00, 0x11, 0x11, 0x23, 0x33, 0x33, 0x33, 0x33, 0x33, 0x33, 0x34, 0x44, 0x44, 0x44, 0x43, 0x33, 0x33,
    0x32, 0x22, 0x22, 0x22, 0x22, 0x11, 0x10, 0x00, 0x00, 0x01, 0x12, 0x34, 0xfe, 0xee, 0xee, 0xef, 0x44, 0x44, 0x44, 0xfe, 0xee, 0xef, 0x44, 0x44,
    0x44, 0xfe, 0xee, 0xef, 0x32, 0x21, 0x11, 0x11, 0x11, 0x11, 0x12, 0x33, 0xff, 0x44, 0x44, 0x45, 0xff, 0x44, 0x45, 0xfe, 0xee, 0xef, 0x44, 0x44,
    0xff, 0x43, 0x33, 0x33, 0xff, 0x32, 0x21, 0x10, 0x00, 0x00, 0x11, 0x22, 0x34, 0xee, 0xee, 0xee, 0xee, 0x55, 0x55, 0x55, 0xee, 0xee, 0xee, 0x55,
    0x55, 0x55, 0xee, 0xee, 0xee, 0x32, 0x22, 0x11, 0x11, 0x11, 0x12, 0x23, 0x34, 0xee, 0xf5, 0x55, 0x6f, 0xee, 0x65, 0x55, 0xee, 0xee, 0xee, 0x55,
    0x55, 0xee, 0x44, 0x43, 0x44, 0xee, 0x33, 0x21, 0x10, 0x00, 0x00, 0x11, 0x23, 0x45, 0xee, 0xf7, 0x76, 0x66, 0xef, 0x55, 0xfe, 0x66, 0x66, 0x66,
    0xef, 0x66, 0xfe, 0x55, 0x54, 0x43, 0xff, 0x22, 0x22, 0x22, 0x22, 0x22, 0x33, 0x45, 0xee, 0xef, 0x66, 0xfe, 0xee, 0x76, 0xfe, 0x66, 0x66, 0x66,
    0xef, 0x66, 0xee, 0x55, 0x44, 0x44, 0xee, 0x43, 0x22, 0x11, 0x00, 0x00, 0x11, 0x23, 0x45, 0xee, 0x77, 0x76, 0x66, 0xee, 0x66, 0xee, 0x77, 0x77,
    0x77, 0xee, 0x66, 0xee, 0x55, 0x44, 0x43, 0xff, 0x22, 0x22, 0x23, 0x33, 0x33, 0x34, 0x55, 0xee, 0xee, 0x77, 0xee, 0xee, 0x77, 0xee, 0x77, 0x77,
    0x77, 0xee, 0x77, 0xee, 0xf6, 0x55, 0x55, 0xee, 0x43, 0x32, 0x11, 0x00, 0x00, 0x11, 0x23, 0x45, 0xee, 0x77, 0x77, 0x66, 0xee, 0x66, 0xee, 0x77,
    0x77, 0x77, 0xee, 0x77, 0xee, 0x55, 0x44, 0x33, 0x22, 0x22, 0x33, 0x33, 0x44, 0x44, 0x44, 0x56, 0xee, 0xf7, 0xee, 0x8f, 0xee, 0x88, 0xee, 0x77,
    0x77, 0x77, 0xee, 0x88, 0xee, 0xef, 0x66, 0x66, 0xee, 0x54, 0x32, 0x11, 0x00, 0x00, 0x11, 0x23, 0x46, 0xee, 0xf7, 0x77, 0x66, 0xef, 0x67, 0xee,
    0xf7, 0x77, 0x8f, 0xee, 0x87, 0xee, 0x55, 0x43, 0x32, 0x22, 0x23, 0x33, 0x44, 0x44, 0x44, 0x55, 0x56, 0xee, 0x77, 0xee, 0x88, 0xee, 0x88, 0xee,
    0xf8, 0x77, 0x8f, 0xee, 0x88, 0xee, 0xee, 0x66, 0x66, 0xee, 0x54, 0x32, 0x11, 0x00, 0x00, 0x11, 0x23, 0x46, 0xee, 0xee, 0xee, 0xee, 0x66, 0x67,
    0xee, 0xee, 0xee, 0xee, 0xee, 0x88, 0xee, 0x55, 0x43, 0x22, 0x22, 0x23, 0xfe, 0xee, 0xee, 0xee, 0xef, 0x66, 0xee, 0x77, 0xee, 0x77, 0xee, 0x88,
    0xee, 0xee, 0xee, 0xee, 0xee, 0x88, 0xee, 0xf7, 0xff, 0x66, 0xee, 0x54, 0x32, 0x11, 0x00, 0x00, 0x11, 0x23, 0x46, 0xee, 0xee, 0xee, 0xef, 0x55,
    0x66, 0xee, 0xee, 0xee, 0xee, 0xee, 0x88, 0xee, 0x55, 0x43, 0x22, 0x22, 0x23, 0xfe, 0xee, 0xee, 0xee, 0xef, 0x66, 0xee, 0x76, 0xff, 0x77, 0xee,
    0x88, 0xee, 0xee, 0xee, 0xee, 0xee, 0x88, 0xee, 0x77, 0xff, 0x6f, 0xee, 0x54, 0x32, 0x11, 0x00, 0x00, 0x11, 0x23, 0x45, 0xee, 0xf6, 0x65, 0x54,
    0x45, 0x56, 0xee, 0xf7, 0x77, 0x7f, 0xee, 0x87, 0xee, 0x65, 0x43, 0x32, 0x22, 0x23, 0x33, 0x44, 0x44, 0x44, 0x45, 0x56, 0xee, 0x66, 0x66, 0x67,
    0xee, 0x88, 0xee, 0xf7, 0x77, 0x7f, 0xee, 0x88, 0xee, 0x76, 0x66, 0xee, 0xee, 0x54, 0x32, 0x11, 0x00, 0x00, 0x11, 0x23, 0x45, 0xee, 0x66, 0x54,
    0x44, 0x44, 0x55, 0xee, 0x66, 0x66, 0x67, 0xee, 0x77, 0xee, 0x65, 0x44, 0x33, 0x22, 0x22, 0x33, 0x33, 0x44, 0x44, 0x44, 0x55, 0xee, 0x65, 0x55,
    0x56, 0xee, 0x78, 0xee, 0x77, 0x66, 0x77, 0xee, 0x88, 0xee, 0x66, 0x66, 0xfe, 0xee, 0x54, 0x32, 0x11, 0x00, 0x00, 0x11, 0x23, 0x45, 0xee, 0x55,
    0x44, 0x33, 0x33, 0x45, 0xee, 0x65, 0x55, 0x66, 0xee, 0x77, 0xee, 0x65, 0x54, 0x43, 0xff, 0x22, 0x22, 0x23, 0x33, 0x33, 0x34, 0x45, 0xee, 0x55,
    0x44, 0x55, 0xee, 0x77, 0xee, 0x66, 0x55, 0x66, 0xee, 0x77, 0xee, 0x65, 0x55, 0x5f, 0xee, 0x54, 0x32, 0x11, 0x00, 0x00, 0x11, 0x22, 0x34, 0xee,
    0x44, 0x33, 0x22, 0x23, 0x44, 0xee, 0x55, 0x44, 0x55, 0xee, 0x66, 0xfe, 0x55, 0x54, 0x43, 0xff, 0x22, 0x22, 0x22, 0x22, 0x22, 0x23, 0x44, 0xee,
    0x44, 0x44, 0x45, 0xee, 0x66, 0xee, 0x55, 0x44, 0x55, 0xee, 0x66, 0xee, 0x55, 0x44, 0x55, 0xee, 0x43, 0x22, 0x11, 0x00, 0x00, 0x01, 0x12, 0x33,
    0xee, 0x43, 0x32, 0x22, 0x22, 0x33, 0xee, 0x44, 0x34, 0x44, 0xee, 0x55, 0x55, 0xee, 0xee, 0xee, 0x32, 0x22, 0x11, 0x11, 0x11, 0x12, 0x22, 0x33,
    0xee, 0x43, 0x33, 0x44, 0xee, 0x55, 0xee, 0x44, 0x44, 0x44, 0xee, 0x55, 0xee, 0x44, 0x44, 0x44, 0xee, 0x43, 0x21, 0x10, 0x00, 0x00, 0x01, 0x12,
    0x23, 0xff, 0x32, 0x21, 0x11, 0x12, 0x23, 0xff, 0x33, 0x33, 0x33, 0xff, 0x44, 0x44, 0xfe, 0xee, 0xef, 0x32, 0x21, 0x11, 0x11, 0x11, 0x11, 0x12,
    0x23, 0xff, 0x33, 0x23, 0x33, 0xff, 0x44, 0xff, 0x33, 0x33, 0x33, 0xff, 0x44, 0xff, 0x33, 0x33, 0x33, 0xff, 0x32, 0x21, 0x10, 0x00, 0x00, 0x01,
    0x11, 0x22, 0x22, 0x22, 0x11, 0x11, 0x11, 0x22, 0x22, 0x22, 0x22, 0x22, 0x33, 0x33, 0x33, 0x44, 0x44, 0x33, 0x22, 0x11, 0x10, 0x00, 0x00, 0x01,
    0x11, 0x22, 0x22, 0x22, 0x22, 0x22, 0x33, 0x33, 0x33, 0x32, 0x22, 0x23, 0x33, 0x33, 0x33, 0x32, 0x22, 0x22, 0x32, 0x22, 0x11, 0x10, 0x00, 0x00,
    0x00, 0x11, 0x11, 0x22, 0x21, 0x11, 0x11, 0x11, 0x11, 0x22, 0x21, 0x11, 0x22, 0x22, 0x22, 0x23, 0x33, 0x33, 0x32, 0x22, 0x11, 0x00, 0x00, 0x00,
    0x00, 0x11, 0x11, 0x22, 0x21, 0x11, 0x22, 0x22, 0x22, 0x22, 0x22, 0x11, 0x22, 0x22, 0x22, 0x22, 0x22, 0x11, 0x22, 0x22, 0x21, 0x11, 0x00, 0x00,
    0x00, 0x00, 0x01, 0x11, 0x11, 0x11, 0x10, 0x00, 0x01, 0x11, 0x11, 0x11, 0x11, 0x11, 0x11, 0x11, 0x22, 0x22, 0x22, 0x22, 0x11, 0x11, 0x00, 0x00,
    0x00, 0x00, 0x01, 0x11, 0x11, 0x11, 0x11, 0x11, 0x11, 0x22, 0x11, 0x11, 0x11, 0x11, 0x11, 0x22, 0x11, 0x11, 0x11, 0x11, 0x11, 0x11, 0x10, 0x00,
    0x00, 0x00, 0x00, 0x00, 0x01, 0x11, 0x10, 0x00, 0x00, 0x00, 0x01, 0x11, 0x11, 0x11, 0x11, 0x11, 0x11, 0x11, 0x11, 0x11, 0x11, 0x11, 0x00, 0x00,
    0x00, 0x00, 0x00, 0x00, 0x01, 0x11, 0x11, 0x11, 0x11, 0x11, 0x11, 0x11, 0x11, 0x11, 0x11, 0x11, 0x11, 0x11, 0x11, 0x11, 0x11, 0x11, 0x10, 0x00,
    0x00, 0x00, 0x00, 0x00, 0x00, 0x00, 0x00, 0x00, 0x00, 0x00, 0x00, 0x00, 0x00, 0x00, 0x00, 0x00, 0x00, 0x01, 0x11, 0x11, 0x11, 0x11, 0x10, 0x00,
    0x00, 0x00, 0x00, 0x00, 0x00, 0x00, 0x00, 0x00, 0x00, 0x00, 0x01, 0x11, 0x10, 0x00, 0x00, 0x00, 0x01, 0x11, 0x10, 0x00, 0x00, 0x00, 0x00, 0x00,
    0x00, 0x00, 0x00, 0x00, 0x00, 0x00, 0x00, 0x00, 0x00, 0x00, 0x00, 0x00, 0x00, 0x00, 0x00, 0x00, 0x00, 0x00, 0x00, 0x00, 0x00, 0x00, 0x00, 0x00,
    0x00, 0x00, 0x00, 0x00, 0x00, 0x00, 0x00, 0x00, 0x00, 0x00, 0x00, 0x00, 0x00, 0x00, 0x00, 0x00, 0x00, 0x00, 0x00, 0x00, 0x00, 0x00, 0x00, 0x00,
    0x00, 0x00, 0x00, 0x00, 0x00, 0x00, 0x00, 0x00, 0x00, 0x00, 0x00, 0x00, 0x00, 0x00, 0x00, 0x00, 0x00, 0x00, 0x00, 0x00, 0x00, 0x00, 0x00, 0x00,
    0x00, 0x00, 0x00, 0x00, 0x00, 0x00, 0x00, 0x00, 0x00, 0x00, 0x00, 0x00, 0x00, 0x00, 0x00, 0x00, 0x00, 0x00, 0x00, 0x00, 0x00, 0x00, 0x00, 0x00,
    0x00, 0x00, 0x00, 0x00, 0x00, 0x00, 0x00, 0x00, 0x00, 0x00, 0x00, 0x00, 0x00, 0x00, 0x00, 0x00, 0x00, 0x00, 0x00, 0x00, 0x00, 0x00, 0x00, 0x00,
    0x00, 0x00, 0x00, 0x00, 0x00, 0x00, 0x00, 0x00, 0x00, 0x00, 0x00, 0x00, 0x00, 0x00, 0x00, 0x00, 0x00, 0x00, 0x00, 0x00, 0x00, 0x00, 0x00, 0x00,
    0x00, 0x00, 0x00, 0x00, 0x00, 0x00,
};
const pac_image_t PAC_LOGO_SMALL = { 98, 30, logo_small };
